,Cornices_Likelihood,Cornices_MaximumSize,Cornices_MinimumSize,Cornices_OctagonAboveTreelineEast,Cornices_OctagonAboveTreelineNorth,Cornices_OctagonAboveTreelineNorthEast,Cornices_OctagonAboveTreelineNorthWest,Cornices_OctagonAboveTreelineSouth,Cornices_OctagonAboveTreelineSouthEast,Cornices_OctagonAboveTreelineSouthWest,Cornices_OctagonAboveTreelineWest,Cornices_OctagonBelowTreelineEast,Cornices_OctagonBelowTreelineNorth,Cornices_OctagonBelowTreelineNorthEast,Cornices_OctagonBelowTreelineNorthWest,Cornices_OctagonBelowTreelineSouth,Cornices_OctagonBelowTreelineSouthEast,Cornices_OctagonBelowTreelineSouthWest,Cornices_OctagonBelowTreelineWest,Cornices_OctagonNearTreelineEast,Cornices_OctagonNearTreelineNorth,Cornices_OctagonNearTreelineNorthEast,Cornices_OctagonNearTreelineNorthWest,Cornices_OctagonNearTreelineSouth,Cornices_OctagonNearTreelineSouthEast,Cornices_OctagonNearTreelineSouthWest,Cornices_OctagonNearTreelineWest,Day1DangerAboveTreeline,Day1DangerBelowTreeline,Day1DangerNearTreeline,Day1Danger_OctagonAboveTreelineEast,Day1Danger_OctagonAboveTreelineNorth,Day1Danger_OctagonAboveTreelineNorthEast,Day1Danger_OctagonAboveTreelineNorthWest,Day1Danger_OctagonAboveTreelineSouth,Day1Danger_OctagonAboveTreelineSouthEast,Day1Danger_OctagonAboveTreelineSouthWest,Day1Danger_OctagonAboveTreelineWest,Day1Danger_OctagonBelowTreelineEast,Day1Danger_OctagonBelowTreelineNorth,Day1Danger_OctagonBelowTreelineNorthEast,Day1Danger_OctagonBelowTreelineNorthWest,Day1Danger_OctagonBelowTreelineSouth,Day1Danger_OctagonBelowTreelineSouthEast,Day1Danger_OctagonBelowTreelineSouthWest,Day1Danger_OctagonBelowTreelineWest,Day1Danger_OctagonNearTreelineEast,Day1Danger_OctagonNearTreelineNorth,Day1Danger_OctagonNearTreelineNorthEast,Day1Danger_OctagonNearTreelineNorthWest,Day1Danger_OctagonNearTreelineSouth,Day1Danger_OctagonNearTreelineSouthEast,Day1Danger_OctagonNearTreelineSouthWest,Day1Danger_OctagonNearTreelineWest,Day1Date,Day1DetailedForecast,Day1Warning,Day1WarningEnd,Day2DangerAboveTreeline,Day2DangerBelowTreeline,Day2DangerNearTreeline,Day2DetailedForecast,Day2Warning,Day2WarningEnd,DeepPersistentSlab_Likelihood,DeepPersistentSlab_MaximumSize,DeepPersistentSlab_MinimumSize,DeepPersistentSlab_OctagonAboveTreelineEast,DeepPersistentSlab_OctagonAboveTreelineNorth,DeepPersistentSlab_OctagonAboveTreelineNorthEast,DeepPersistentSlab_OctagonAboveTreelineNorthWest,DeepPersistentSlab_OctagonAboveTreelineSouth,DeepPersistentSlab_OctagonAboveTreelineSouthEast,DeepPersistentSlab_OctagonAboveTreelineSouthWest,DeepPersistentSlab_OctagonAboveTreelineWest,DeepPersistentSlab_OctagonBelowTreelineEast,DeepPersistentSlab_OctagonBelowTreelineNorth,DeepPersistentSlab_OctagonBelowTreelineNorthEast,DeepPersistentSlab_OctagonBelowTreelineNorthWest,DeepPersistentSlab_OctagonBelowTreelineSouth,DeepPersistentSlab_OctagonBelowTreelineSouthEast,DeepPersistentSlab_OctagonBelowTreelineSouthWest,DeepPersistentSlab_OctagonBelowTreelineWest,DeepPersistentSlab_OctagonNearTreelineEast,DeepPersistentSlab_OctagonNearTreelineNorth,DeepPersistentSlab_OctagonNearTreelineNorthEast,DeepPersistentSlab_OctagonNearTreelineNorthWest,DeepPersistentSlab_OctagonNearTreelineSouth,DeepPersistentSlab_OctagonNearTreelineSouthEast,DeepPersistentSlab_OctagonNearTreelineSouthWest,DeepPersistentSlab_OctagonNearTreelineWest,ForecastUrl,Glide_Likelihood,Glide_MaximumSize,Glide_MinimumSize,Glide_OctagonAboveTreelineEast,Glide_OctagonAboveTreelineNorth,Glide_OctagonAboveTreelineNorthEast,Glide_OctagonAboveTreelineNorthWest,Glide_OctagonAboveTreelineSouth,Glide_OctagonAboveTreelineSouthEast,Glide_OctagonAboveTreelineSouthWest,Glide_OctagonAboveTreelineWest,Glide_OctagonBelowTreelineEast,Glide_OctagonBelowTreelineNorth,Glide_OctagonBelowTreelineNorthEast,Glide_OctagonBelowTreelineNorthWest,Glide_OctagonBelowTreelineSouth,Glide_OctagonBelowTreelineSouthEast,Glide_OctagonBelowTreelineSouthWest,Glide_OctagonBelowTreelineWest,Glide_OctagonNearTreelineEast,Glide_OctagonNearTreelineNorth,Glide_OctagonNearTreelineNorthEast,Glide_OctagonNearTreelineNorthWest,Glide_OctagonNearTreelineSouth,Glide_OctagonNearTreelineSouthEast,Glide_OctagonNearTreelineSouthWest,Glide_OctagonNearTreelineWest,IsCoastalSnowpack,IsContenentalSnowpack,LooseDry_Likelihood,LooseDry_MaximumSize,LooseDry_MinimumSize,LooseDry_OctagonAboveTreelineEast,LooseDry_OctagonAboveTreelineNorth,LooseDry_OctagonAboveTreelineNorthEast,LooseDry_OctagonAboveTreelineNorthWest,LooseDry_OctagonAboveTreelineSouth,LooseDry_OctagonAboveTreelineSouthEast,LooseDry_OctagonAboveTreelineSouthWest,LooseDry_OctagonAboveTreelineWest,LooseDry_OctagonBelowTreelineEast,LooseDry_OctagonBelowTreelineNorth,LooseDry_OctagonBelowTreelineNorthEast,LooseDry_OctagonBelowTreelineNorthWest,LooseDry_OctagonBelowTreelineSouth,LooseDry_OctagonBelowTreelineSouthEast,LooseDry_OctagonBelowTreelineSouthWest,LooseDry_OctagonBelowTreelineWest,LooseDry_OctagonNearTreelineEast,LooseDry_OctagonNearTreelineNorth,LooseDry_OctagonNearTreelineNorthEast,LooseDry_OctagonNearTreelineNorthWest,LooseDry_OctagonNearTreelineSouth,LooseDry_OctagonNearTreelineSouthEast,LooseDry_OctagonNearTreelineSouthWest,LooseDry_OctagonNearTreelineWest,LooseWet_Likelihood,LooseWet_MaximumSize,LooseWet_MinimumSize,LooseWet_OctagonAboveTreelineEast,LooseWet_OctagonAboveTreelineNorth,LooseWet_OctagonAboveTreelineNorthEast,LooseWet_OctagonAboveTreelineNorthWest,LooseWet_OctagonAboveTreelineSouth,LooseWet_OctagonAboveTreelineSouthEast,LooseWet_OctagonAboveTreelineSouthWest,LooseWet_OctagonAboveTreelineWest,LooseWet_OctagonBelowTreelineEast,LooseWet_OctagonBelowTreelineNorth,LooseWet_OctagonBelowTreelineNorthEast,LooseWet_OctagonBelowTreelineNorthWest,LooseWet_OctagonBelowTreelineSouth,LooseWet_OctagonBelowTreelineSouthEast,LooseWet_OctagonBelowTreelineSouthWest,LooseWet_OctagonBelowTreelineWest,LooseWet_OctagonNearTreelineEast,LooseWet_OctagonNearTreelineNorth,LooseWet_OctagonNearTreelineNorthEast,LooseWet_OctagonNearTreelineNorthWest,LooseWet_OctagonNearTreelineSouth,LooseWet_OctagonNearTreelineSouthEast,LooseWet_OctagonNearTreelineSouthWest,LooseWet_OctagonNearTreelineWest,PersistentSlab_Likelihood,PersistentSlab_MaximumSize,PersistentSlab_MinimumSize,PersistentSlab_OctagonAboveTreelineEast,PersistentSlab_OctagonAboveTreelineNorth,PersistentSlab_OctagonAboveTreelineNorthEast,PersistentSlab_OctagonAboveTreelineNorthWest,PersistentSlab_OctagonAboveTreelineSouth,PersistentSlab_OctagonAboveTreelineSouthEast,PersistentSlab_OctagonAboveTreelineSouthWest,PersistentSlab_OctagonAboveTreelineWest,PersistentSlab_OctagonBelowTreelineEast,PersistentSlab_OctagonBelowTreelineNorth,PersistentSlab_OctagonBelowTreelineNorthEast,PersistentSlab_OctagonBelowTreelineNorthWest,PersistentSlab_OctagonBelowTreelineSouth,PersistentSlab_OctagonBelowTreelineSouthEast,PersistentSlab_OctagonBelowTreelineSouthWest,PersistentSlab_OctagonBelowTreelineWest,PersistentSlab_OctagonNearTreelineEast,PersistentSlab_OctagonNearTreelineNorth,PersistentSlab_OctagonNearTreelineNorthEast,PersistentSlab_OctagonNearTreelineNorthWest,PersistentSlab_OctagonNearTreelineSouth,PersistentSlab_OctagonNearTreelineSouthEast,PersistentSlab_OctagonNearTreelineSouthWest,PersistentSlab_OctagonNearTreelineWest,PublishedDateTime,Region,SpecialStatement,StormSlabs_Likelihood,StormSlabs_MaximumSize,StormSlabs_MinimumSize,StormSlabs_OctagonAboveTreelineEast,StormSlabs_OctagonAboveTreelineNorth,StormSlabs_OctagonAboveTreelineNorthEast,StormSlabs_OctagonAboveTreelineNorthWest,StormSlabs_OctagonAboveTreelineSouth,StormSlabs_OctagonAboveTreelineSouthEast,StormSlabs_OctagonAboveTreelineSouthWest,StormSlabs_OctagonAboveTreelineWest,StormSlabs_OctagonBelowTreelineEast,StormSlabs_OctagonBelowTreelineNorth,StormSlabs_OctagonBelowTreelineNorthEast,StormSlabs_OctagonBelowTreelineNorthWest,StormSlabs_OctagonBelowTreelineSouth,StormSlabs_OctagonBelowTreelineSouthEast,StormSlabs_OctagonBelowTreelineSouthWest,StormSlabs_OctagonBelowTreelineWest,StormSlabs_OctagonNearTreelineEast,StormSlabs_OctagonNearTreelineNorth,StormSlabs_OctagonNearTreelineNorthEast,StormSlabs_OctagonNearTreelineNorthWest,StormSlabs_OctagonNearTreelineSouth,StormSlabs_OctagonNearTreelineSouthEast,StormSlabs_OctagonNearTreelineSouthWest,StormSlabs_OctagonNearTreelineWest,UnifiedRegion,WetSlabs_Likelihood,WetSlabs_MaximumSize,WetSlabs_MinimumSize,WetSlabs_OctagonAboveTreelineEast,WetSlabs_OctagonAboveTreelineNorth,WetSlabs_OctagonAboveTreelineNorthEast,WetSlabs_OctagonAboveTreelineNorthWest,WetSlabs_OctagonAboveTreelineSouth,WetSlabs_OctagonAboveTreelineSouthEast,WetSlabs_OctagonAboveTreelineSouthWest,WetSlabs_OctagonAboveTreelineWest,WetSlabs_OctagonBelowTreelineEast,WetSlabs_OctagonBelowTreelineNorth,WetSlabs_OctagonBelowTreelineNorthEast,WetSlabs_OctagonBelowTreelineNorthWest,WetSlabs_OctagonBelowTreelineSouth,WetSlabs_OctagonBelowTreelineSouthEast,WetSlabs_OctagonBelowTreelineSouthWest,WetSlabs_OctagonBelowTreelineWest,WetSlabs_OctagonNearTreelineEast,WetSlabs_OctagonNearTreelineNorth,WetSlabs_OctagonNearTreelineNorthEast,WetSlabs_OctagonNearTreelineNorthWest,WetSlabs_OctagonNearTreelineSouth,WetSlabs_OctagonNearTreelineSouthEast,WetSlabs_OctagonNearTreelineSouthWest,WetSlabs_OctagonNearTreelineWest,WindSlab_Likelihood,WindSlab_MaximumSize,WindSlab_MinimumSize,WindSlab_OctagonAboveTreelineEast,WindSlab_OctagonAboveTreelineNorth,WindSlab_OctagonAboveTreelineNorthEast,WindSlab_OctagonAboveTreelineNorthWest,WindSlab_OctagonAboveTreelineSouth,WindSlab_OctagonAboveTreelineSouthEast,WindSlab_OctagonAboveTreelineSouthWest,WindSlab_OctagonAboveTreelineWest,WindSlab_OctagonBelowTreelineEast,WindSlab_OctagonBelowTreelineNorth,WindSlab_OctagonBelowTreelineNorthEast,WindSlab_OctagonBelowTreelineNorthWest,WindSlab_OctagonBelowTreelineSouth,WindSlab_OctagonBelowTreelineSouthEast,WindSlab_OctagonBelowTreelineSouthWest,WindSlab_OctagonBelowTreelineWest,WindSlab_OctagonNearTreelineEast,WindSlab_OctagonNearTreelineNorth,WindSlab_OctagonNearTreelineNorthEast,WindSlab_OctagonNearTreelineNorthWest,WindSlab_OctagonNearTreelineSouth,WindSlab_OctagonNearTreelineSouthEast,WindSlab_OctagonNearTreelineSouthWest,WindSlab_OctagonNearTreelineWest,image_paths,image_types,image_urls,rose_url,BottomLineSummary,Day1WarningText,Day2WarningText
22266,no-data,no-data,no-data,0,0,0,0,0,0,0,0,0,0,0,0,0,0,0,0,0,0,0,0,0,0,0,0,Moderate,Low,Low,no-data,no-data,no-data,no-data,no-data,no-data,no-data,no-data,no-data,no-data,no-data,no-data,no-data,no-data,no-data,no-data,no-data,no-data,no-data,no-data,no-data,no-data,no-data,no-data,20181215,no-data,Special,20181217 02:00,Moderate,Low,Low,no-data,none,00010101 00:00,no-data,no-data,no-data,0,0,0,0,0,0,0,0,0,0,0,0,0,0,0,0,0,0,0,0,0,0,0,0,/api/v3/avalanche-region-forecast/4929/,no-data,no-data,no-data,0,0,0,0,0,0,0,0,0,0,0,0,0,0,0,0,0,0,0,0,0,0,0,0,no-data,no-data,no-data,no-data,no-data,0,0,0,0,0,0,0,0,0,0,0,0,0,0,0,0,0,0,0,0,0,0,0,0,no-data,no-data,no-data,0,0,0,0,0,0,0,0,0,0,0,0,0,0,0,0,0,0,0,0,0,0,0,0,no-data,no-data,no-data,0,0,0,0,0,0,0,0,0,0,0,0,0,0,0,0,0,0,0,0,0,0,0,0,20181215 15:00,Olympics,no-data,no-data,no-data,no-data,0,0,0,0,0,0,0,0,0,0,0,0,0,0,0,0,0,0,0,0,0,0,0,0,Olympics,no-data,no-data,no-data,0,0,0,0,0,0,0,0,0,0,0,0,0,0,0,0,0,0,0,0,0,0,0,0,1-possible,1-large,1-large,1,1,1,0,0,0,0,0,0,0,0,0,0,0,0,0,1,1,1,0,0,0,0,0,no-data,no-data,no-data,no-data,<p>Unfortunately much of the recent precipitation has fallen as rain in the Olympics. Cornices and drifted snow are forming at upper elevations and may be unstable. Large variations in snow&nbsp;cover and exposed rocks and vegetation warrant extra caution.&nbsp;</p>,<p>The mountains of the PNW have received a significant amount of new snow. In certain locations  this new snow is poorly bonded to older snow near the ground. There is uncertainty as to the extent of this problem  but avalanches triggered on this layer will be large and life-threatening.</p>    <p><br />  Anyone accessing alpine areas should limit their exposure to areas where avalanches start  run and stop. More information can be found at&nbsp;<a href= http://www.nwac.us/ >www.nwac.us</a>&nbsp;and&nbsp;<a href= http://www.avalanche.org/  target= _blank >www.avalanche.org</a>.</p>    <p>&nbsp;</p>,no-data
22269,no-data,no-data,no-data,0,0,0,0,0,0,0,0,0,0,0,0,0,0,0,0,0,0,0,0,0,0,0,0,no-data,no-data,no-data,no-data,no-data,no-data,no-data,no-data,no-data,no-data,no-data,no-data,no-data,no-data,no-data,no-data,no-data,no-data,no-data,no-data,no-data,no-data,no-data,no-data,no-data,no-data,no-data,20181218,no-data,none,00010101 00:00,no-data,no-data,no-data,no-data,none,00010101 00:00,no-data,no-data,no-data,0,0,0,0,0,0,0,0,0,0,0,0,0,0,0,0,0,0,0,0,0,0,0,0,/api/v3/avalanche-region-forecast/4997/,no-data,no-data,no-data,0,0,0,0,0,0,0,0,0,0,0,0,0,0,0,0,0,0,0,0,0,0,0,0,no-data,no-data,no-data,no-data,no-data,0,0,0,0,0,0,0,0,0,0,0,0,0,0,0,0,0,0,0,0,0,0,0,0,no-data,no-data,no-data,0,0,0,0,0,0,0,0,0,0,0,0,0,0,0,0,0,0,0,0,0,0,0,0,no-data,no-data,no-data,0,0,0,0,0,0,0,0,0,0,0,0,0,0,0,0,0,0,0,0,0,0,0,0,20181218 16:00,Olympics,no-data,no-data,no-data,no-data,0,0,0,0,0,0,0,0,0,0,0,0,0,0,0,0,0,0,0,0,0,0,0,0,Olympics,no-data,no-data,no-data,0,0,0,0,0,0,0,0,0,0,0,0,0,0,0,0,0,0,0,0,0,0,0,0,no-data,no-data,no-data,0,0,0,0,0,0,0,0,0,0,0,0,0,0,0,0,0,0,0,0,0,0,0,0,no-data,no-data,no-data,no-data,<p>Very stormy weather has created dangerous avalanche conditions  particularly at higher elevations. Wet snow avalanche problems exist at lower elevation where even a small avalanche could cause injury due to exposed rocks and vegetation.&nbsp;</p>,no-data,no-data
22270,no-data,no-data,no-data,0,0,0,0,0,0,0,0,0,0,0,0,0,0,0,0,0,0,0,0,0,0,0,0,Considerable,Moderate,Considerable,no-data,no-data,no-data,no-data,no-data,no-data,no-data,no-data,no-data,no-data,no-data,no-data,no-data,no-data,no-data,no-data,no-data,no-data,no-data,no-data,no-data,no-data,no-data,no-data,20181219,no-data,none,00010101 00:00,High,Moderate,Considerable,no-data,none,00010101 00:00,no-data,no-data,no-data,0,0,0,0,0,0,0,0,0,0,0,0,0,0,0,0,0,0,0,0,0,0,0,0,/api/v3/avalanche-region-forecast/4999/,no-data,no-data,no-data,0,0,0,0,0,0,0,0,0,0,0,0,0,0,0,0,0,0,0,0,0,0,0,0,no-data,no-data,no-data,no-data,no-data,0,0,0,0,0,0,0,0,0,0,0,0,0,0,0,0,0,0,0,0,0,0,0,0,no-data,no-data,no-data,0,0,0,0,0,0,0,0,0,0,0,0,0,0,0,0,0,0,0,0,0,0,0,0,no-data,no-data,no-data,0,0,0,0,0,0,0,0,0,0,0,0,0,0,0,0,0,0,0,0,0,0,0,0,20181219 02:00,Mt Hood,no-data,no-data,no-data,no-data,0,0,0,0,0,0,0,0,0,0,0,0,0,0,0,0,0,0,0,0,0,0,0,0,Mt Hood,no-data,no-data,no-data,0,0,0,0,0,0,0,0,0,0,0,0,0,0,0,0,0,0,0,0,0,0,0,0,2-likely,2-very large,2-very large,1,1,1,1,1,1,1,1,0,0,0,0,0,0,0,0,1,1,1,1,1,1,1,1,no-data,no-data,no-data,no-data,<p>Elevated avalanche conditions linger after an intense storm. You can trigger a very large slab avalanche today  particularly in high elevation start zones. These start zones endanger lower-elevation paths and runouts.</p>,no-data,no-data
22275,no-data,no-data,no-data,0,0,0,0,0,0,0,0,0,0,0,0,0,0,0,0,0,0,0,0,0,0,0,0,Moderate,Low,Moderate,no-data,no-data,no-data,no-data,no-data,no-data,no-data,no-data,no-data,no-data,no-data,no-data,no-data,no-data,no-data,no-data,no-data,no-data,no-data,no-data,no-data,no-data,no-data,no-data,20181221,no-data,none,00010101 00:00,Moderate,Low,Moderate,no-data,none,00010101 00:00,no-data,no-data,no-data,0,0,0,0,0,0,0,0,0,0,0,0,0,0,0,0,0,0,0,0,0,0,0,0,/api/v3/avalanche-region-forecast/5033/,no-data,no-data,no-data,0,0,0,0,0,0,0,0,0,0,0,0,0,0,0,0,0,0,0,0,0,0,0,0,no-data,no-data,no-data,no-data,no-data,0,0,0,0,0,0,0,0,0,0,0,0,0,0,0,0,0,0,0,0,0,0,0,0,no-data,no-data,no-data,0,0,0,0,0,0,0,0,0,0,0,0,0,0,0,0,0,0,0,0,0,0,0,0,no-data,no-data,no-data,0,0,0,0,0,0,0,0,0,0,0,0,0,0,0,0,0,0,0,0,0,0,0,0,20181221 02:00,Olympics,no-data,no-data,no-data,no-data,0,0,0,0,0,0,0,0,0,0,0,0,0,0,0,0,0,0,0,0,0,0,0,0,Olympics,no-data,no-data,no-data,0,0,0,0,0,0,0,0,0,0,0,0,0,0,0,0,0,0,0,0,0,0,0,0,1-possible,0-small,0-small,1,1,1,1,1,1,1,1,0,0,0,0,0,0,0,0,1,1,1,1,1,1,1,1,no-data,no-data,no-data,no-data,<p>Fresh and shallow wind slabs have likely formed on lee aspects near and above treeline. Use caution on steep wind loaded&nbsp;slopes. Expect extreme variation in snow depths in the Hurricane Ridge area due to recent stormy conditions. Snow depths fall off quickly&nbsp;below treeline.&nbsp;</p>,no-data,no-data
22277,no-data,no-data,no-data,0,0,0,0,0,0,0,0,0,0,0,0,0,0,0,0,0,0,0,0,0,0,0,0,Moderate,Moderate,Moderate,no-data,no-data,no-data,no-data,no-data,no-data,no-data,no-data,no-data,no-data,no-data,no-data,no-data,no-data,no-data,no-data,no-data,no-data,no-data,no-data,no-data,no-data,no-data,no-data,20181221,no-data,none,00010101 00:00,Moderate,Low,Moderate,no-data,none,00010101 00:00,no-data,no-data,no-data,0,0,0,0,0,0,0,0,0,0,0,0,0,0,0,0,0,0,0,0,0,0,0,0,/api/v3/avalanche-region-forecast/5038/,no-data,no-data,no-data,0,0,0,0,0,0,0,0,0,0,0,0,0,0,0,0,0,0,0,0,0,0,0,0,no-data,no-data,no-data,no-data,no-data,0,0,0,0,0,0,0,0,0,0,0,0,0,0,0,0,0,0,0,0,0,0,0,0,no-data,no-data,no-data,0,0,0,0,0,0,0,0,0,0,0,0,0,0,0,0,0,0,0,0,0,0,0,0,no-data,no-data,no-data,0,0,0,0,0,0,0,0,0,0,0,0,0,0,0,0,0,0,0,0,0,0,0,0,20181221 02:00,Mt Hood,no-data,no-data,no-data,no-data,0,0,0,0,0,0,0,0,0,0,0,0,0,0,0,0,0,0,0,0,0,0,0,0,Mt Hood,no-data,no-data,no-data,0,0,0,0,0,0,0,0,0,0,0,0,0,0,0,0,0,0,0,0,0,0,0,0,1-possible,0-small,0-small,1,1,1,1,1,1,1,1,1,1,1,1,1,1,1,1,1,1,1,1,1,1,1,1,no-data,no-data,no-data,no-data,<p>Use caution when approaching avalanche terrain following this most recent storm. We have limited information from above treeline. Fresh and shallow wind slabs have likely formed on lee aspects near and above treeline  potentially extending below treeline due to strong transport winds. Use caution on steep wind loaded slopes.</p>,no-data,no-data
22279,no-data,no-data,no-data,0,0,0,0,0,0,0,0,0,0,0,0,0,0,0,0,0,0,0,0,0,0,0,0,Moderate,Low,Moderate,no-data,no-data,no-data,no-data,no-data,no-data,no-data,no-data,no-data,no-data,no-data,no-data,no-data,no-data,no-data,no-data,no-data,no-data,no-data,no-data,no-data,no-data,no-data,no-data,20181222,no-data,none,00010101 00:00,Moderate,Moderate,Moderate,no-data,none,00010101 00:00,no-data,no-data,no-data,0,0,0,0,0,0,0,0,0,0,0,0,0,0,0,0,0,0,0,0,0,0,0,0,/api/v3/avalanche-region-forecast/5046/,no-data,no-data,no-data,0,0,0,0,0,0,0,0,0,0,0,0,0,0,0,0,0,0,0,0,0,0,0,0,no-data,no-data,no-data,no-data,no-data,0,0,0,0,0,0,0,0,0,0,0,0,0,0,0,0,0,0,0,0,0,0,0,0,no-data,no-data,no-data,0,0,0,0,0,0,0,0,0,0,0,0,0,0,0,0,0,0,0,0,0,0,0,0,no-data,no-data,no-data,0,0,0,0,0,0,0,0,0,0,0,0,0,0,0,0,0,0,0,0,0,0,0,0,20181222 02:00,Olympics,no-data,no-data,no-data,no-data,0,0,0,0,0,0,0,0,0,0,0,0,0,0,0,0,0,0,0,0,0,0,0,0,Olympics,no-data,no-data,no-data,0,0,0,0,0,0,0,0,0,0,0,0,0,0,0,0,0,0,0,0,0,0,0,0,1-possible,0-small,0-small,1,1,1,1,1,1,1,1,0,0,0,0,0,0,0,0,1,1,1,1,1,1,1,1,no-data,no-data,no-data,no-data,<p>Recently formed wind slabs may be found on lee aspects near and above treeline. Expect extreme variation in snow depths in the Hurricane Ridge area due to recent stormy conditions. We have no recent snowpack observations from this area  so take the time to properly assess conditions before engaging in avalanche terrain.</p>,no-data,no-data
22281,no-data,no-data,no-data,0,0,0,0,0,0,0,0,0,0,0,0,0,0,0,0,0,0,0,0,0,0,0,0,Moderate,Low,Moderate,no-data,no-data,no-data,no-data,no-data,no-data,no-data,no-data,no-data,no-data,no-data,no-data,no-data,no-data,no-data,no-data,no-data,no-data,no-data,no-data,no-data,no-data,no-data,no-data,20181222,no-data,none,00010101 00:00,Considerable,Moderate,Considerable,no-data,none,00010101 00:00,no-data,no-data,no-data,0,0,0,0,0,0,0,0,0,0,0,0,0,0,0,0,0,0,0,0,0,0,0,0,/api/v3/avalanche-region-forecast/5048/,no-data,no-data,no-data,0,0,0,0,0,0,0,0,0,0,0,0,0,0,0,0,0,0,0,0,0,0,0,0,no-data,no-data,no-data,no-data,no-data,0,0,0,0,0,0,0,0,0,0,0,0,0,0,0,0,0,0,0,0,0,0,0,0,no-data,no-data,no-data,0,0,0,0,0,0,0,0,0,0,0,0,0,0,0,0,0,0,0,0,0,0,0,0,no-data,no-data,no-data,0,0,0,0,0,0,0,0,0,0,0,0,0,0,0,0,0,0,0,0,0,0,0,0,20181222 02:00,Mt Hood,no-data,no-data,no-data,no-data,0,0,0,0,0,0,0,0,0,0,0,0,0,0,0,0,0,0,0,0,0,0,0,0,Mt Hood,no-data,no-data,no-data,0,0,0,0,0,0,0,0,0,0,0,0,0,0,0,0,0,0,0,0,0,0,0,0,1-possible,0-small,0-small,1,1,1,1,1,1,1,1,0,0,0,0,0,0,0,0,1,1,1,1,1,1,1,1,no-data,no-data,no-data,no-data,<p>We have limited information from above treeline on Mt. Hood. Recently formed shallow wind slabs may linger on lee aspects near and especially above treeline. Use caution on steep wind loaded slopes.&nbsp;</p>,no-data,no-data
22283,no-data,no-data,no-data,0,0,0,0,0,0,0,0,0,0,0,0,0,0,0,0,0,0,0,0,0,0,0,0,Considerable,Moderate,Moderate,no-data,no-data,no-data,no-data,no-data,no-data,no-data,no-data,no-data,no-data,no-data,no-data,no-data,no-data,no-data,no-data,no-data,no-data,no-data,no-data,no-data,no-data,no-data,no-data,20181223,no-data,none,00010101 00:00,Moderate,Moderate,Moderate,no-data,none,00010101 00:00,no-data,no-data,no-data,0,0,0,0,0,0,0,0,0,0,0,0,0,0,0,0,0,0,0,0,0,0,0,0,/api/v3/avalanche-region-forecast/5066/,no-data,no-data,no-data,0,0,0,0,0,0,0,0,0,0,0,0,0,0,0,0,0,0,0,0,0,0,0,0,no-data,no-data,no-data,no-data,no-data,0,0,0,0,0,0,0,0,0,0,0,0,0,0,0,0,0,0,0,0,0,0,0,0,no-data,no-data,no-data,0,0,0,0,0,0,0,0,0,0,0,0,0,0,0,0,0,0,0,0,0,0,0,0,no-data,no-data,no-data,0,0,0,0,0,0,0,0,0,0,0,0,0,0,0,0,0,0,0,0,0,0,0,0,20181223 14:00,Olympics,no-data,no-data,no-data,no-data,0,0,0,0,0,0,0,0,0,0,0,0,0,0,0,0,0,0,0,0,0,0,0,0,Olympics,no-data,no-data,no-data,0,0,0,0,0,0,0,0,0,0,0,0,0,0,0,0,0,0,0,0,0,0,0,0,2-likely,0-small,0-small,1,1,1,1,1,1,1,1,1,1,1,1,1,1,1,1,1,1,1,1,1,1,1,1,no-data,no-data,no-data,no-data,<p>You are likely to find reactive snow on higher elevation slopes near ridgelines. We have no recent snowpack observations from this area  so take the time to properly assess conditions before engaging in avalanche terrain.</p>,no-data,no-data
22285,no-data,no-data,no-data,0,0,0,0,0,0,0,0,0,0,0,0,0,0,0,0,0,0,0,0,0,0,0,0,High,Considerable,High,no-data,no-data,no-data,no-data,no-data,no-data,no-data,no-data,no-data,no-data,no-data,no-data,no-data,no-data,no-data,no-data,no-data,no-data,no-data,no-data,no-data,no-data,no-data,no-data,20181223,no-data,none,00010101 00:00,High,Considerable,Considerable,no-data,none,00010101 00:00,no-data,no-data,no-data,0,0,0,0,0,0,0,0,0,0,0,0,0,0,0,0,0,0,0,0,0,0,0,0,/api/v3/avalanche-region-forecast/5068/,no-data,no-data,no-data,0,0,0,0,0,0,0,0,0,0,0,0,0,0,0,0,0,0,0,0,0,0,0,0,no-data,no-data,no-data,no-data,no-data,0,0,0,0,0,0,0,0,0,0,0,0,0,0,0,0,0,0,0,0,0,0,0,0,no-data,no-data,no-data,0,0,0,0,0,0,0,0,0,0,0,0,0,0,0,0,0,0,0,0,0,0,0,0,no-data,no-data,no-data,0,0,0,0,0,0,0,0,0,0,0,0,0,0,0,0,0,0,0,0,0,0,0,0,20181223 14:00,Mt Hood,no-data,no-data,no-data,no-data,0,0,0,0,0,0,0,0,0,0,0,0,0,0,0,0,0,0,0,0,0,0,0,0,Mt Hood,no-data,no-data,no-data,0,0,0,0,0,0,0,0,0,0,0,0,0,0,0,0,0,0,0,0,0,0,0,0,no-data,no-data,no-data,0,0,0,0,0,0,0,0,0,0,0,0,0,0,0,0,0,0,0,0,0,0,0,0,no-data,no-data,no-data,no-data,<p>Avoid all avalanche terrain as heavy snow and strong wind create increasing and very dangerous avalanche conditions.</p>,no-data,no-data
22286,no-data,no-data,no-data,0,0,0,0,0,0,0,0,0,0,0,0,0,0,0,0,0,0,0,0,0,0,0,0,Considerable,Moderate,Considerable,no-data,no-data,no-data,no-data,no-data,no-data,no-data,no-data,no-data,no-data,no-data,no-data,no-data,no-data,no-data,no-data,no-data,no-data,no-data,no-data,no-data,no-data,no-data,no-data,20181224,no-data,none,00010101 00:00,Moderate,Moderate,Moderate,no-data,none,00010101 00:00,no-data,no-data,no-data,0,0,0,0,0,0,0,0,0,0,0,0,0,0,0,0,0,0,0,0,0,0,0,0,/api/v3/avalanche-region-forecast/5070/,no-data,no-data,no-data,0,0,0,0,0,0,0,0,0,0,0,0,0,0,0,0,0,0,0,0,0,0,0,0,no-data,no-data,no-data,no-data,no-data,0,0,0,0,0,0,0,0,0,0,0,0,0,0,0,0,0,0,0,0,0,0,0,0,no-data,no-data,no-data,0,0,0,0,0,0,0,0,0,0,0,0,0,0,0,0,0,0,0,0,0,0,0,0,no-data,no-data,no-data,0,0,0,0,0,0,0,0,0,0,0,0,0,0,0,0,0,0,0,0,0,0,0,0,20181224 02:00,Olympics,no-data,no-data,no-data,no-data,0,0,0,0,0,0,0,0,0,0,0,0,0,0,0,0,0,0,0,0,0,0,0,0,Olympics,no-data,no-data,no-data,0,0,0,0,0,0,0,0,0,0,0,0,0,0,0,0,0,0,0,0,0,0,0,0,no-data,no-data,no-data,0,0,0,0,0,0,0,0,0,0,0,0,0,0,0,0,0,0,0,0,0,0,0,0,no-data,no-data,no-data,no-data,<p>More than a foot of snow fell in Hurricane Ridge area and will form a slab. Give the snow another day to settle and bond to the underlying snow before venturing into steep or complex terrain.</p>,no-data,no-data
22288,no-data,no-data,no-data,0,0,0,0,0,0,0,0,0,0,0,0,0,0,0,0,0,0,0,0,0,0,0,0,Considerable,Considerable,Considerable,no-data,no-data,no-data,no-data,no-data,no-data,no-data,no-data,no-data,no-data,no-data,no-data,no-data,no-data,no-data,no-data,no-data,no-data,no-data,no-data,no-data,no-data,no-data,no-data,20181224,no-data,none,00010101 00:00,Considerable,Moderate,Moderate,no-data,none,00010101 00:00,no-data,no-data,no-data,0,0,0,0,0,0,0,0,0,0,0,0,0,0,0,0,0,0,0,0,0,0,0,0,/api/v3/avalanche-region-forecast/5072/,no-data,no-data,no-data,0,0,0,0,0,0,0,0,0,0,0,0,0,0,0,0,0,0,0,0,0,0,0,0,no-data,no-data,no-data,no-data,no-data,0,0,0,0,0,0,0,0,0,0,0,0,0,0,0,0,0,0,0,0,0,0,0,0,no-data,no-data,no-data,0,0,0,0,0,0,0,0,0,0,0,0,0,0,0,0,0,0,0,0,0,0,0,0,no-data,no-data,no-data,0,0,0,0,0,0,0,0,0,0,0,0,0,0,0,0,0,0,0,0,0,0,0,0,20181224 02:00,Mt Hood,no-data,no-data,no-data,no-data,0,0,0,0,0,0,0,0,0,0,0,0,0,0,0,0,0,0,0,0,0,0,0,0,Mt Hood,no-data,no-data,no-data,0,0,0,0,0,0,0,0,0,0,0,0,0,0,0,0,0,0,0,0,0,0,0,0,2-likely,2-very large,2-very large,1,1,1,1,1,1,1,1,0,0,0,0,0,0,0,0,1,1,1,1,1,1,1,1,no-data,no-data,no-data,no-data,<p>Dangerous avalanche conditions will remain on Monday as 1-2&rsquo; of snowfall from the past 48 hours requires time to stabilize. Winds have created the potential for very large avalanches which you can still trigger.</p>,no-data,no-data
22297,no-data,no-data,no-data,0,0,0,0,0,0,0,0,0,0,0,0,0,0,0,0,0,0,0,0,0,0,0,0,no-data,no-data,no-data,no-data,no-data,no-data,no-data,no-data,no-data,no-data,no-data,no-data,no-data,no-data,no-data,no-data,no-data,no-data,no-data,no-data,no-data,no-data,no-data,no-data,no-data,no-data,no-data,20181228,no-data,none,00010101 00:00,no-data,no-data,no-data,no-data,none,00010101 00:00,no-data,no-data,no-data,0,0,0,0,0,0,0,0,0,0,0,0,0,0,0,0,0,0,0,0,0,0,0,0,/api/v3/avalanche-region-forecast/5124/,no-data,no-data,no-data,0,0,0,0,0,0,0,0,0,0,0,0,0,0,0,0,0,0,0,0,0,0,0,0,no-data,no-data,no-data,no-data,no-data,0,0,0,0,0,0,0,0,0,0,0,0,0,0,0,0,0,0,0,0,0,0,0,0,no-data,no-data,no-data,0,0,0,0,0,0,0,0,0,0,0,0,0,0,0,0,0,0,0,0,0,0,0,0,no-data,no-data,no-data,0,0,0,0,0,0,0,0,0,0,0,0,0,0,0,0,0,0,0,0,0,0,0,0,20181228 02:00,Olympics,no-data,no-data,no-data,no-data,0,0,0,0,0,0,0,0,0,0,0,0,0,0,0,0,0,0,0,0,0,0,0,0,Olympics,no-data,no-data,no-data,0,0,0,0,0,0,0,0,0,0,0,0,0,0,0,0,0,0,0,0,0,0,0,0,no-data,no-data,no-data,0,0,0,0,0,0,0,0,0,0,0,0,0,0,0,0,0,0,0,0,0,0,0,0,no-data,no-data,no-data,no-data,<p>Light snow and increasing winds will build fresh wind slabs that will become reactive if enough new snow falls and moves. Active snow transport is a sign that you should not venture onto wind-loaded slopes.</p>,no-data,no-data
22299,no-data,no-data,no-data,0,0,0,0,0,0,0,0,0,0,0,0,0,0,0,0,0,0,0,0,0,0,0,0,Considerable,Moderate,Moderate,no-data,no-data,no-data,no-data,no-data,no-data,no-data,no-data,no-data,no-data,no-data,no-data,no-data,no-data,no-data,no-data,no-data,no-data,no-data,no-data,no-data,no-data,no-data,no-data,20181228,no-data,none,00010101 00:00,Considerable,Moderate,Moderate,no-data,none,00010101 00:00,no-data,no-data,no-data,0,0,0,0,0,0,0,0,0,0,0,0,0,0,0,0,0,0,0,0,0,0,0,0,/api/v3/avalanche-region-forecast/5126/,no-data,no-data,no-data,0,0,0,0,0,0,0,0,0,0,0,0,0,0,0,0,0,0,0,0,0,0,0,0,no-data,no-data,no-data,no-data,no-data,0,0,0,0,0,0,0,0,0,0,0,0,0,0,0,0,0,0,0,0,0,0,0,0,no-data,no-data,no-data,0,0,0,0,0,0,0,0,0,0,0,0,0,0,0,0,0,0,0,0,0,0,0,0,no-data,no-data,no-data,0,0,0,0,0,0,0,0,0,0,0,0,0,0,0,0,0,0,0,0,0,0,0,0,20181228 02:00,Mt Hood,no-data,no-data,no-data,no-data,0,0,0,0,0,0,0,0,0,0,0,0,0,0,0,0,0,0,0,0,0,0,0,0,Mt Hood,no-data,no-data,no-data,0,0,0,0,0,0,0,0,0,0,0,0,0,0,0,0,0,0,0,0,0,0,0,0,2-likely,1-large,1-large,1,1,1,1,1,1,1,1,0,0,0,0,0,0,0,0,1,1,1,1,1,1,1,1,no-data,no-data,no-data,no-data,<p>Hard slabs 3-4 ft thick will produce large and dangerous avalanches if triggered below exposed ridgelines near and above treeline. Below treeline  10&rdquo; of recent snow has a weak slab structure that can still create small avalanches in steep terrain.</p>,no-data,no-data
22341,no-data,no-data,no-data,0,0,0,0,0,0,0,0,0,0,0,0,0,0,0,0,0,0,0,0,0,0,0,0,Considerable,Moderate,Considerable,no-data,no-data,no-data,no-data,no-data,no-data,no-data,no-data,no-data,no-data,no-data,no-data,no-data,no-data,no-data,no-data,no-data,no-data,no-data,no-data,no-data,no-data,no-data,no-data,20190118,no-data,none,00010101 00:00,High,Considerable,High,no-data,none,00010101 00:00,no-data,no-data,no-data,0,0,0,0,0,0,0,0,0,0,0,0,0,0,0,0,0,0,0,0,0,0,0,0,/api/v3/avalanche-region-forecast/5428/,no-data,no-data,no-data,0,0,0,0,0,0,0,0,0,0,0,0,0,0,0,0,0,0,0,0,0,0,0,0,no-data,no-data,no-data,no-data,no-data,0,0,0,0,0,0,0,0,0,0,0,0,0,0,0,0,0,0,0,0,0,0,0,0,no-data,no-data,no-data,0,0,0,0,0,0,0,0,0,0,0,0,0,0,0,0,0,0,0,0,0,0,0,0,no-data,no-data,no-data,0,0,0,0,0,0,0,0,0,0,0,0,0,0,0,0,0,0,0,0,0,0,0,0,20190118 15:00,Mt Hood,no-data,no-data,no-data,no-data,0,0,0,0,0,0,0,0,0,0,0,0,0,0,0,0,0,0,0,0,0,0,0,0,Mt Hood,no-data,no-data,no-data,0,0,0,0,0,0,0,0,0,0,0,0,0,0,0,0,0,0,0,0,0,0,0,0,2-likely,2-very large,1-large,1,1,1,1,1,1,1,1,0,0,0,0,0,0,0,0,1,1,1,1,1,1,1,1,no-data,no-data,no-data,no-data,<p>Winds have been moving lots of snow &nbsp;so you can very easily trigger a destructive wind slab near and near treeline. Avoid all&nbsp;wind-loaded slopes at upper elevations and keep checking for shallow storm slabs in lower-elevation sheltered terrain.</p>,no-data,no-data
22343,no-data,no-data,no-data,0,0,0,0,0,0,0,0,0,0,0,0,0,0,0,0,0,0,0,0,0,0,0,0,Moderate,Low,Moderate,no-data,no-data,no-data,no-data,no-data,no-data,no-data,no-data,no-data,no-data,no-data,no-data,no-data,no-data,no-data,no-data,no-data,no-data,no-data,no-data,no-data,no-data,no-data,no-data,20190120,no-data,none,00010101 00:00,Moderate,Low,Low,no-data,none,00010101 00:00,no-data,no-data,no-data,0,0,0,0,0,0,0,0,0,0,0,0,0,0,0,0,0,0,0,0,0,0,0,0,/api/v3/avalanche-region-forecast/5468/,no-data,no-data,no-data,0,0,0,0,0,0,0,0,0,0,0,0,0,0,0,0,0,0,0,0,0,0,0,0,no-data,no-data,no-data,no-data,no-data,0,0,0,0,0,0,0,0,0,0,0,0,0,0,0,0,0,0,0,0,0,0,0,0,no-data,no-data,no-data,0,0,0,0,0,0,0,0,0,0,0,0,0,0,0,0,0,0,0,0,0,0,0,0,no-data,no-data,no-data,0,0,0,0,0,0,0,0,0,0,0,0,0,0,0,0,0,0,0,0,0,0,0,0,20190120 02:00,Mt Hood,no-data,no-data,no-data,no-data,0,0,0,0,0,0,0,0,0,0,0,0,0,0,0,0,0,0,0,0,0,0,0,0,Mt Hood,no-data,no-data,no-data,0,0,0,0,0,0,0,0,0,0,0,0,0,0,0,0,0,0,0,0,0,0,0,0,1-possible,1-large,0-small,1,1,1,1,1,1,1,1,0,0,0,0,0,0,0,0,1,1,1,1,1,1,1,1,no-data,no-data,no-data,no-data,<p>The avalanche danger has significantly decreased following Friday night&#39;s heavy rain event. Expect the previously wet surface snow to refreeze with cooler temperatures forecast.<strong>&nbsp;</strong>Fresh&nbsp;wind slabs that formed on steep unsupported slopes at higher elevations may extend down into the near treeline band.&nbsp;</p>,no-data,no-data
22347,no-data,no-data,no-data,0,0,0,0,0,0,0,0,0,0,0,0,0,0,0,0,0,0,0,0,0,0,0,0,no-data,no-data,no-data,no-data,no-data,no-data,no-data,no-data,no-data,no-data,no-data,no-data,no-data,no-data,no-data,no-data,no-data,no-data,no-data,no-data,no-data,no-data,no-data,no-data,no-data,no-data,no-data,20190122,no-data,none,00010101 00:00,no-data,no-data,no-data,no-data,none,00010101 00:00,no-data,no-data,no-data,0,0,0,0,0,0,0,0,0,0,0,0,0,0,0,0,0,0,0,0,0,0,0,0,/api/v3/avalanche-region-forecast/5494/,no-data,no-data,no-data,0,0,0,0,0,0,0,0,0,0,0,0,0,0,0,0,0,0,0,0,0,0,0,0,no-data,no-data,no-data,no-data,no-data,0,0,0,0,0,0,0,0,0,0,0,0,0,0,0,0,0,0,0,0,0,0,0,0,no-data,no-data,no-data,0,0,0,0,0,0,0,0,0,0,0,0,0,0,0,0,0,0,0,0,0,0,0,0,no-data,no-data,no-data,0,0,0,0,0,0,0,0,0,0,0,0,0,0,0,0,0,0,0,0,0,0,0,0,20190122 02:00,Olympics,no-data,no-data,no-data,no-data,0,0,0,0,0,0,0,0,0,0,0,0,0,0,0,0,0,0,0,0,0,0,0,0,Olympics,no-data,no-data,no-data,0,0,0,0,0,0,0,0,0,0,0,0,0,0,0,0,0,0,0,0,0,0,0,0,no-data,no-data,no-data,0,0,0,0,0,0,0,0,0,0,0,0,0,0,0,0,0,0,0,0,0,0,0,0,no-data,no-data,no-data,no-data,<p>Skyrocketing snow levels to ridge crest by the end of the day  combined with light snow and increasing moderate gusty winds  will create reactive shallow wind slabs. You are most likely to trigger these slabs on wind-loaded slopes or on steeper  convex rolls. A transition to rain may trigger wind slabs or create small loose wet avalanches. Small avalanches are most problematic where they can push you into a terrain trap or into other terrain hazards. Remember  we don&#39;t have any specific snowpack observations from the Hurricane Ridge area during the government shutdown  so you will need to account for the extra uncertainty before entering avalanche terrain. &nbsp;</p>,no-data,no-data
22355,no-data,no-data,no-data,0,0,0,0,0,0,0,0,0,0,0,0,0,0,0,0,0,0,0,0,0,0,0,0,Low,Low,Low,no-data,no-data,no-data,no-data,no-data,no-data,no-data,no-data,no-data,no-data,no-data,no-data,no-data,no-data,no-data,no-data,no-data,no-data,no-data,no-data,no-data,no-data,no-data,no-data,20190126,no-data,none,00010101 00:00,Low,Low,Low,no-data,none,00010101 00:00,no-data,no-data,no-data,0,0,0,0,0,0,0,0,0,0,0,0,0,0,0,0,0,0,0,0,0,0,0,0,/api/v3/avalanche-region-forecast/5559/,no-data,no-data,no-data,0,0,0,0,0,0,0,0,0,0,0,0,0,0,0,0,0,0,0,0,0,0,0,0,no-data,no-data,no-data,no-data,no-data,0,0,0,0,0,0,0,0,0,0,0,0,0,0,0,0,0,0,0,0,0,0,0,0,1-possible,0-small,0-small,0,0,0,0,0,0,0,0,0,0,0,0,1,1,1,0,0,0,0,0,1,1,1,0,no-data,no-data,no-data,0,0,0,0,0,0,0,0,0,0,0,0,0,0,0,0,0,0,0,0,0,0,0,0,20190126 02:00,Mt Hood,no-data,no-data,no-data,no-data,0,0,0,0,0,0,0,0,0,0,0,0,0,0,0,0,0,0,0,0,0,0,0,0,Mt Hood,no-data,no-data,no-data,0,0,0,0,0,0,0,0,0,0,0,0,0,0,0,0,0,0,0,0,0,0,0,0,no-data,no-data,no-data,0,0,0,0,0,0,0,0,0,0,0,0,0,0,0,0,0,0,0,0,0,0,0,0,no-data,no-data,no-data,no-data,<p>Avalanche danger is slowly easing. Warming temperatures  sun  and uncertainty of the snow layers at upper elevations will maintain heightened conditions. If you are heading to higher slopes  use caution on slopes 35 degrees and steeper.</p>,no-data,no-data
22356,no-data,no-data,no-data,0,0,0,0,0,0,0,0,0,0,0,0,0,0,0,0,0,0,0,0,0,0,0,0,Moderate,Moderate,Moderate,no-data,no-data,no-data,no-data,no-data,no-data,no-data,no-data,no-data,no-data,no-data,no-data,no-data,no-data,no-data,no-data,no-data,no-data,no-data,no-data,no-data,no-data,no-data,no-data,20190127,no-data,none,00010101 00:00,Moderate,Moderate,Moderate,no-data,none,00010101 00:00,no-data,no-data,no-data,0,0,0,0,0,0,0,0,0,0,0,0,0,0,0,0,0,0,0,0,0,0,0,0,/api/v3/avalanche-region-forecast/5570/,no-data,no-data,no-data,0,0,0,0,0,0,0,0,0,0,0,0,0,0,0,0,0,0,0,0,0,0,0,0,no-data,no-data,no-data,no-data,no-data,0,0,0,0,0,0,0,0,0,0,0,0,0,0,0,0,0,0,0,0,0,0,0,0,1-possible,0-small,0-small,1,0,0,0,1,1,1,1,1,0,0,0,1,1,1,1,1,0,0,0,1,1,1,1,no-data,no-data,no-data,0,0,0,0,0,0,0,0,0,0,0,0,0,0,0,0,0,0,0,0,0,0,0,0,20190127 02:00,Mt Hood,no-data,no-data,no-data,no-data,0,0,0,0,0,0,0,0,0,0,0,0,0,0,0,0,0,0,0,0,0,0,0,0,Mt Hood,no-data,no-data,no-data,0,0,0,0,0,0,0,0,0,0,0,0,0,0,0,0,0,0,0,0,0,0,0,0,no-data,no-data,no-data,0,0,0,0,0,0,0,0,0,0,0,0,0,0,0,0,0,0,0,0,0,0,0,0,no-data,no-data,no-data,no-data,<p>You can trigger a Loose Wet avalanche where direct sunshine and very warm temperatures combine with light winds to break down the surface crust. Wet snow that you can penetrate to ankle deep or greater should encourage retreat to slopes less than 35 degrees or less sun-affected aspects and away from terrain traps or terrain hazards.</p>,no-data,no-data
22396,no-data,no-data,no-data,0,0,0,0,0,0,0,0,0,0,0,0,0,0,0,0,0,0,0,0,0,0,0,0,Considerable,Considerable,Considerable,no-data,no-data,no-data,no-data,no-data,no-data,no-data,no-data,no-data,no-data,no-data,no-data,no-data,no-data,no-data,no-data,no-data,no-data,no-data,no-data,no-data,no-data,no-data,no-data,20190217,no-data,Special,20190219 02:00,Considerable,Moderate,Considerable,no-data,none,00010101 00:00,no-data,no-data,no-data,0,0,0,0,0,0,0,0,0,0,0,0,0,0,0,0,0,0,0,0,0,0,0,0,/api/v3/avalanche-region-forecast/5865/,no-data,no-data,no-data,0,0,0,0,0,0,0,0,0,0,0,0,0,0,0,0,0,0,0,0,0,0,0,0,no-data,no-data,no-data,no-data,no-data,0,0,0,0,0,0,0,0,0,0,0,0,0,0,0,0,0,0,0,0,0,0,0,0,no-data,no-data,no-data,0,0,0,0,0,0,0,0,0,0,0,0,0,0,0,0,0,0,0,0,0,0,0,0,1-possible,2-very large,1-large,1,1,1,1,1,1,1,1,1,1,1,1,1,1,1,1,1,1,1,1,1,1,1,1,20190217 02:00,Olympics,no-data,no-data,no-data,no-data,0,0,0,0,0,0,0,0,0,0,0,0,0,0,0,0,0,0,0,0,0,0,0,0,Olympics,no-data,no-data,no-data,0,0,0,0,0,0,0,0,0,0,0,0,0,0,0,0,0,0,0,0,0,0,0,0,no-data,no-data,no-data,0,0,0,0,0,0,0,0,0,0,0,0,0,0,0,0,0,0,0,0,0,0,0,0,no-data,no-data,no-data,no-data,<p>You can still trigger a large and life-threatening persistent slab avalanche that releases down to the recent snow/old snow interface. Your likelihood of triggering an avalanche has decreased slightly  but the potential consequences on steep  open  or unsupported slopes support conservative decision-making. Stay safe by sticking to simple terrain not capable of producing a large avalanche. &nbsp;</p>,<p>An unstable snowpack  combined with increased backcountry use over the holiday weekend  will create a unique set-up for potential avalanche accidents. Even though most natural avalanche cycles have ended  the snowpack is still unstable. If you enter avalanche terrain  you may trigger large and destructive avalanches this weekend.<strong> </strong></p>,no-data
22400,no-data,no-data,no-data,0,0,0,0,0,0,0,0,0,0,0,0,0,0,0,0,0,0,0,0,0,0,0,0,Considerable,Moderate,Considerable,no-data,no-data,no-data,no-data,no-data,no-data,no-data,no-data,no-data,no-data,no-data,no-data,no-data,no-data,no-data,no-data,no-data,no-data,no-data,no-data,no-data,no-data,no-data,no-data,20190221,no-data,none,00010101 00:00,Considerable,Moderate,Considerable,no-data,none,00010101 00:00,no-data,no-data,no-data,0,0,0,0,0,0,0,0,0,0,0,0,0,0,0,0,0,0,0,0,0,0,0,0,/api/v3/avalanche-region-forecast/5910/,no-data,no-data,no-data,0,0,0,0,0,0,0,0,0,0,0,0,0,0,0,0,0,0,0,0,0,0,0,0,no-data,no-data,no-data,no-data,no-data,0,0,0,0,0,0,0,0,0,0,0,0,0,0,0,0,0,0,0,0,0,0,0,0,no-data,no-data,no-data,0,0,0,0,0,0,0,0,0,0,0,0,0,0,0,0,0,0,0,0,0,0,0,0,1-possible,2-very large,1-large,0,0,0,0,0,0,0,0,1,1,1,1,1,1,1,1,1,1,1,1,1,1,1,1,20190221 02:00,Mt Hood,no-data,no-data,no-data,no-data,0,0,0,0,0,0,0,0,0,0,0,0,0,0,0,0,0,0,0,0,0,0,0,0,Mt Hood,no-data,no-data,no-data,0,0,0,0,0,0,0,0,0,0,0,0,0,0,0,0,0,0,0,0,0,0,0,0,2-likely,1-large,1-large,1,1,1,1,1,1,1,1,1,1,1,1,1,1,1,1,1,1,1,1,1,1,1,1,no-data,no-data,no-data,no-data,<p>A Tuesday-Wednesday storm created energetic and far-running 1-1.5 ft slabs that you can still trigger on Thursday. Avoid steep open slopes where evidence or suspicion of receiving wind transported snow exists. There remains a potential for a low-likelihood - high consequence persistent slab avalanche that should continue to affect your route choices  steering you away from slopes capable of producing large avalanches.</p>,no-data,no-data
22402,no-data,no-data,no-data,0,0,0,0,0,0,0,0,0,0,0,0,0,0,0,0,0,0,0,0,0,0,0,0,no-data,no-data,no-data,no-data,no-data,no-data,no-data,no-data,no-data,no-data,no-data,no-data,no-data,no-data,no-data,no-data,no-data,no-data,no-data,no-data,no-data,no-data,no-data,no-data,no-data,no-data,no-data,20190221,no-data,none,00010101 00:00,no-data,no-data,no-data,no-data,none,00010101 00:00,no-data,no-data,no-data,0,0,0,0,0,0,0,0,0,0,0,0,0,0,0,0,0,0,0,0,0,0,0,0,/api/v3/avalanche-region-forecast/5912/,no-data,no-data,no-data,0,0,0,0,0,0,0,0,0,0,0,0,0,0,0,0,0,0,0,0,0,0,0,0,no-data,no-data,no-data,no-data,no-data,0,0,0,0,0,0,0,0,0,0,0,0,0,0,0,0,0,0,0,0,0,0,0,0,no-data,no-data,no-data,0,0,0,0,0,0,0,0,0,0,0,0,0,0,0,0,0,0,0,0,0,0,0,0,no-data,no-data,no-data,0,0,0,0,0,0,0,0,0,0,0,0,0,0,0,0,0,0,0,0,0,0,0,0,20190221 02:00,Olympics,no-data,no-data,no-data,no-data,0,0,0,0,0,0,0,0,0,0,0,0,0,0,0,0,0,0,0,0,0,0,0,0,Olympics,no-data,no-data,no-data,0,0,0,0,0,0,0,0,0,0,0,0,0,0,0,0,0,0,0,0,0,0,0,0,no-data,no-data,no-data,0,0,0,0,0,0,0,0,0,0,0,0,0,0,0,0,0,0,0,0,0,0,0,0,no-data,no-data,no-data,no-data,<p>An estimated 3-6&rdquo; of new snow fell in the Hurricane Ridge area. Light winds may have formed isolated wind slabs. Recent weak snow has been identified in the snowpack and this low-probability  the high-consequence problem is likely to be the primary influence on your terrain selection.</p>,no-data,no-data
22404,no-data,no-data,no-data,0,0,0,0,0,0,0,0,0,0,0,0,0,0,0,0,0,0,0,0,0,0,0,0,Considerable,Considerable,Considerable,no-data,no-data,no-data,no-data,no-data,no-data,no-data,no-data,no-data,no-data,no-data,no-data,no-data,no-data,no-data,no-data,no-data,no-data,no-data,no-data,no-data,no-data,no-data,no-data,20190223,no-data,none,00010101 00:00,Considerable,Considerable,Considerable,no-data,none,00010101 00:00,no-data,no-data,no-data,0,0,0,0,0,0,0,0,0,0,0,0,0,0,0,0,0,0,0,0,0,0,0,0,/api/v3/avalanche-region-forecast/5947/,no-data,no-data,no-data,0,0,0,0,0,0,0,0,0,0,0,0,0,0,0,0,0,0,0,0,0,0,0,0,no-data,no-data,no-data,no-data,no-data,0,0,0,0,0,0,0,0,0,0,0,0,0,0,0,0,0,0,0,0,0,0,0,0,no-data,no-data,no-data,0,0,0,0,0,0,0,0,0,0,0,0,0,0,0,0,0,0,0,0,0,0,0,0,no-data,no-data,no-data,0,0,0,0,0,0,0,0,0,0,0,0,0,0,0,0,0,0,0,0,0,0,0,0,20190223 15:00,Mt Hood,no-data,no-data,no-data,no-data,0,0,0,0,0,0,0,0,0,0,0,0,0,0,0,0,0,0,0,0,0,0,0,0,Mt Hood,no-data,no-data,no-data,0,0,0,0,0,0,0,0,0,0,0,0,0,0,0,0,0,0,0,0,0,0,0,0,2-likely,1-large,1-large,1,1,1,1,1,1,1,1,1,1,1,1,1,1,1,1,1,1,1,1,1,1,1,1,no-data,no-data,no-data,no-data,<p><strong>715 AM Update: Forecast Below Treeline raised to Considerable.</strong> Continued wind combined with fresh snowfall will create larger and more dangerous slabs than Friday and where more than 8&rdquo; of snow falls  snow could be reactive on all aspects. A deep slab lurks as a low-likelihood - high consequence threat  rounding out a complex avalanche picture. A simple solution is to avoid open slopes greater than 35 degrees.</p>,no-data,no-data
22433,no-data,no-data,no-data,0,0,0,0,0,0,0,0,0,0,0,0,0,0,0,0,0,0,0,0,0,0,0,0,Low,Low,Low,no-data,no-data,no-data,no-data,no-data,no-data,no-data,no-data,no-data,no-data,no-data,no-data,no-data,no-data,no-data,no-data,no-data,no-data,no-data,no-data,no-data,no-data,no-data,no-data,20190309,no-data,none,00010101 00:00,Low,Low,Low,no-data,none,00010101 00:00,no-data,no-data,no-data,0,0,0,0,0,0,0,0,0,0,0,0,0,0,0,0,0,0,0,0,0,0,0,0,/api/v3/avalanche-region-forecast/6121/,no-data,no-data,no-data,0,0,0,0,0,0,0,0,0,0,0,0,0,0,0,0,0,0,0,0,0,0,0,0,no-data,no-data,1-possible,0-small,0-small,0,1,1,1,0,0,0,0,0,1,1,1,0,0,0,0,0,1,1,1,0,0,0,0,no-data,no-data,no-data,0,0,0,0,0,0,0,0,0,0,0,0,0,0,0,0,0,0,0,0,0,0,0,0,no-data,no-data,no-data,0,0,0,0,0,0,0,0,0,0,0,0,0,0,0,0,0,0,0,0,0,0,0,0,20190309 02:00,Olympics,no-data,no-data,no-data,no-data,0,0,0,0,0,0,0,0,0,0,0,0,0,0,0,0,0,0,0,0,0,0,0,0,Olympics,no-data,no-data,no-data,0,0,0,0,0,0,0,0,0,0,0,0,0,0,0,0,0,0,0,0,0,0,0,0,no-data,no-data,no-data,0,0,0,0,0,0,0,0,0,0,0,0,0,0,0,0,0,0,0,0,0,0,0,0,no-data,no-data,no-data,no-data,<p>Don&#39;t mistake low danger for no danger. You can still get yourself into trouble on steep NW-N-NE aspects where deep unconsolidated snow may create small Loose Dry avalanches on steep slopes that are large enough to bury you in a terrain trap or push you into trees or over a cliff. Assume snow will move along with you and mitigate your exposure to terrain hazards down-slope before committing to slopes approaching 40 degrees or steeper.</p>,no-data,no-data
22435,no-data,no-data,no-data,0,0,0,0,0,0,0,0,0,0,0,0,0,0,0,0,0,0,0,0,0,0,0,0,Moderate,Moderate,Moderate,no-data,no-data,no-data,no-data,no-data,no-data,no-data,no-data,no-data,no-data,no-data,no-data,no-data,no-data,no-data,no-data,no-data,no-data,no-data,no-data,no-data,no-data,no-data,no-data,20190309,no-data,none,00010101 00:00,Moderate,Low,Moderate,no-data,none,00010101 00:00,no-data,no-data,no-data,0,0,0,0,0,0,0,0,0,0,0,0,0,0,0,0,0,0,0,0,0,0,0,0,/api/v3/avalanche-region-forecast/6123/,no-data,no-data,no-data,0,0,0,0,0,0,0,0,0,0,0,0,0,0,0,0,0,0,0,0,0,0,0,0,no-data,no-data,no-data,no-data,no-data,0,0,0,0,0,0,0,0,0,0,0,0,0,0,0,0,0,0,0,0,0,0,0,0,1-possible,1-large,0-small,1,0,0,0,1,1,1,1,1,0,0,0,1,1,1,1,1,0,0,0,1,1,1,1,no-data,no-data,no-data,0,0,0,0,0,0,0,0,0,0,0,0,0,0,0,0,0,0,0,0,0,0,0,0,20190309 02:00,Mt Hood,no-data,no-data,no-data,no-data,0,0,0,0,0,0,0,0,0,0,0,0,0,0,0,0,0,0,0,0,0,0,0,0,Mt Hood,no-data,no-data,no-data,0,0,0,0,0,0,0,0,0,0,0,0,0,0,0,0,0,0,0,0,0,0,0,0,1-possible,1-large,0-small,1,1,1,1,1,1,1,1,0,0,0,0,0,0,0,0,0,0,0,0,0,0,0,0,no-data,no-data,no-data,no-data,<p>Winds have been just strong enough to transport the 10&rdquo;+ of recent snowfall  forming soft slabs that we expect to remain reactive on specific terrain features above treeline on Saturday. If you see evidence of wind affected snow  steer away from features where you are more likely to trigger an avalanche such as convex rollovers  unsupported slopes  or complex terrain. On southerly aspects  watch for loose wet avalanches on steeper slopes.</p>,no-data,no-data
22448,no-data,no-data,no-data,0,0,0,0,0,0,0,0,0,0,0,0,0,0,0,0,0,0,0,0,0,0,0,0,Moderate,Moderate,Moderate,no-data,no-data,no-data,no-data,no-data,no-data,no-data,no-data,no-data,no-data,no-data,no-data,no-data,no-data,no-data,no-data,no-data,no-data,no-data,no-data,no-data,no-data,no-data,no-data,20190316,no-data,none,00010101 00:00,Moderate,Moderate,Moderate,no-data,none,00010101 00:00,no-data,no-data,no-data,0,0,0,0,0,0,0,0,0,0,0,0,0,0,0,0,0,0,0,0,0,0,0,0,/api/v3/avalanche-region-forecast/6228/,no-data,no-data,no-data,0,0,0,0,0,0,0,0,0,0,0,0,0,0,0,0,0,0,0,0,0,0,0,0,no-data,no-data,no-data,no-data,no-data,0,0,0,0,0,0,0,0,0,0,0,0,0,0,0,0,0,0,0,0,0,0,0,0,1-possible,0-small,0-small,1,0,0,0,1,1,1,1,1,0,0,0,1,1,1,1,1,0,0,0,1,1,1,1,1-possible,0-small,0-small,1,1,1,1,1,1,1,1,1,1,1,1,1,1,1,1,1,1,1,1,1,1,1,1,20190316 14:00,Olympics,no-data,no-data,no-data,no-data,0,0,0,0,0,0,0,0,0,0,0,0,0,0,0,0,0,0,0,0,0,0,0,0,Olympics,no-data,no-data,no-data,0,0,0,0,0,0,0,0,0,0,0,0,0,0,0,0,0,0,0,0,0,0,0,0,no-data,no-data,no-data,0,0,0,0,0,0,0,0,0,0,0,0,0,0,0,0,0,0,0,0,0,0,0,0,no-data,no-data,no-data,no-data,<p>You may trigger shallow avalanches that break surprisingly wide across slopes. Look for a layer of buried surface hoar roughly 4-8 inches below the snow surface. Avoid convex rollovers and unsupported&nbsp;slopes greater than 35 degrees  especially&nbsp;where a small avalanche might push you into a terrain trap. Loose wet avalanches are also possible due to the continued mild weather.</p>,no-data,no-data
22453,no-data,no-data,no-data,0,0,0,0,0,0,0,0,0,0,0,0,0,0,0,0,0,0,0,0,0,0,0,0,Considerable,Considerable,Considerable,no-data,no-data,no-data,no-data,no-data,no-data,no-data,no-data,no-data,no-data,no-data,no-data,no-data,no-data,no-data,no-data,no-data,no-data,no-data,no-data,no-data,no-data,no-data,no-data,20190321,no-data,none,00010101 00:00,Considerable,Considerable,Considerable,no-data,none,00010101 00:00,no-data,no-data,no-data,0,0,0,0,0,0,0,0,0,0,0,0,0,0,0,0,0,0,0,0,0,0,0,0,/api/v3/avalanche-region-forecast/6292/,no-data,no-data,no-data,0,0,0,0,0,0,0,0,0,0,0,0,0,0,0,0,0,0,0,0,0,0,0,0,no-data,no-data,no-data,no-data,no-data,0,0,0,0,0,0,0,0,0,0,0,0,0,0,0,0,0,0,0,0,0,0,0,0,1-possible,1-large,0-small,1,1,1,1,1,1,1,1,1,1,1,1,1,1,1,1,1,1,1,1,1,1,1,1,no-data,no-data,no-data,0,0,0,0,0,0,0,0,0,0,0,0,0,0,0,0,0,0,0,0,0,0,0,0,20190321 04:00,Mt Hood,no-data,no-data,no-data,no-data,0,0,0,0,0,0,0,0,0,0,0,0,0,0,0,0,0,0,0,0,0,0,0,0,Mt Hood,no-data,no-data,no-data,0,0,0,0,0,0,0,0,0,0,0,0,0,0,0,0,0,0,0,0,0,0,0,0,no-data,no-data,no-data,0,0,0,0,0,0,0,0,0,0,0,0,0,0,0,0,0,0,0,0,0,0,0,0,no-data,no-data,no-data,no-data,<p>Wet snow avalanches can become large and powerful as the recent warm weather continues.&nbsp;As the day progresses  avoid steep&nbsp;slopes with wet surface snow while thinking about your overhead exposure. Wet slab avalanches are difficult to predict; they can release naturally or be triggered by loose wet avalanches or cornice falls. &nbsp;&nbsp;</p>,no-data,no-data
22463,no-data,no-data,no-data,0,0,0,0,0,0,0,0,0,0,0,0,0,0,0,0,0,0,0,0,0,0,0,0,Low,Low,Low,no-data,no-data,no-data,no-data,no-data,no-data,no-data,no-data,no-data,no-data,no-data,no-data,no-data,no-data,no-data,no-data,no-data,no-data,no-data,no-data,no-data,no-data,no-data,no-data,20190329,no-data,none,00010101 00:00,Low,Low,Low,no-data,none,00010101 00:00,no-data,no-data,no-data,0,0,0,0,0,0,0,0,0,0,0,0,0,0,0,0,0,0,0,0,0,0,0,0,/api/v3/avalanche-region-forecast/6392/,no-data,no-data,no-data,0,0,0,0,0,0,0,0,0,0,0,0,0,0,0,0,0,0,0,0,0,0,0,0,no-data,no-data,no-data,no-data,no-data,0,0,0,0,0,0,0,0,0,0,0,0,0,0,0,0,0,0,0,0,0,0,0,0,no-data,no-data,no-data,0,0,0,0,0,0,0,0,0,0,0,0,0,0,0,0,0,0,0,0,0,0,0,0,no-data,no-data,no-data,0,0,0,0,0,0,0,0,0,0,0,0,0,0,0,0,0,0,0,0,0,0,0,0,20190329 15:00,Olympics,no-data,no-data,no-data,no-data,0,0,0,0,0,0,0,0,0,0,0,0,0,0,0,0,0,0,0,0,0,0,0,0,Olympics,no-data,no-data,no-data,0,0,0,0,0,0,0,0,0,0,0,0,0,0,0,0,0,0,0,0,0,0,0,0,no-data,no-data,no-data,0,0,0,0,0,0,0,0,0,0,0,0,0,0,0,0,0,0,0,0,0,0,0,0,no-data,no-data,no-data,no-data,<p>Watch for spring sun effects on slopes with shallow new snow and in general expect variable surface conditions Friday.&nbsp;As we continue to transition to spring  pay attention to opening creeks and gullies &nbsp;glide cracks and softening cornices.</p>,no-data,no-data
22464,no-data,no-data,no-data,0,0,0,0,0,0,0,0,0,0,0,0,0,0,0,0,0,0,0,0,0,0,0,0,Low,Low,Low,no-data,no-data,no-data,no-data,no-data,no-data,no-data,no-data,no-data,no-data,no-data,no-data,no-data,no-data,no-data,no-data,no-data,no-data,no-data,no-data,no-data,no-data,no-data,no-data,20190330,no-data,none,00010101 00:00,Low,Low,Low,no-data,none,00010101 00:00,no-data,no-data,no-data,0,0,0,0,0,0,0,0,0,0,0,0,0,0,0,0,0,0,0,0,0,0,0,0,/api/v3/avalanche-region-forecast/6404/,no-data,no-data,no-data,0,0,0,0,0,0,0,0,0,0,0,0,0,0,0,0,0,0,0,0,0,0,0,0,no-data,no-data,no-data,no-data,no-data,0,0,0,0,0,0,0,0,0,0,0,0,0,0,0,0,0,0,0,0,0,0,0,0,no-data,no-data,no-data,0,0,0,0,0,0,0,0,0,0,0,0,0,0,0,0,0,0,0,0,0,0,0,0,no-data,no-data,no-data,0,0,0,0,0,0,0,0,0,0,0,0,0,0,0,0,0,0,0,0,0,0,0,0,20190330 01:00,Olympics,no-data,no-data,no-data,no-data,0,0,0,0,0,0,0,0,0,0,0,0,0,0,0,0,0,0,0,0,0,0,0,0,Olympics,no-data,no-data,no-data,0,0,0,0,0,0,0,0,0,0,0,0,0,0,0,0,0,0,0,0,0,0,0,0,no-data,no-data,no-data,0,0,0,0,0,0,0,0,0,0,0,0,0,0,0,0,0,0,0,0,0,0,0,0,no-data,no-data,no-data,no-data,<p>While we have no specific avalanche problems in the forecast for Saturday  keep your eye open for any observations of snow surface conditions that seem unexpected. Typical spring hazards  including poorly bridged or open creeks  gullies  firm and variable snow surfaces  glide cracks  firm and softening cornices may be hazards in the terrain.</p>,no-data,no-data
22466,no-data,no-data,no-data,0,0,0,0,0,0,0,0,0,0,0,0,0,0,0,0,0,0,0,0,0,0,0,0,Low,Low,Low,no-data,no-data,no-data,no-data,no-data,no-data,no-data,no-data,no-data,no-data,no-data,no-data,no-data,no-data,no-data,no-data,no-data,no-data,no-data,no-data,no-data,no-data,no-data,no-data,20190330,no-data,none,00010101 00:00,Low,Low,Low,no-data,none,00010101 00:00,no-data,no-data,no-data,0,0,0,0,0,0,0,0,0,0,0,0,0,0,0,0,0,0,0,0,0,0,0,0,/api/v3/avalanche-region-forecast/6406/,no-data,no-data,no-data,0,0,0,0,0,0,0,0,0,0,0,0,0,0,0,0,0,0,0,0,0,0,0,0,no-data,no-data,no-data,no-data,no-data,0,0,0,0,0,0,0,0,0,0,0,0,0,0,0,0,0,0,0,0,0,0,0,0,0-unlikely,0-small,0-small,1,1,1,1,1,1,1,1,1,1,1,1,1,1,1,1,1,1,1,1,1,1,1,1,no-data,no-data,no-data,0,0,0,0,0,0,0,0,0,0,0,0,0,0,0,0,0,0,0,0,0,0,0,0,20190330 01:00,Mt Hood,no-data,no-data,no-data,no-data,0,0,0,0,0,0,0,0,0,0,0,0,0,0,0,0,0,0,0,0,0,0,0,0,Mt Hood,no-data,no-data,no-data,0,0,0,0,0,0,0,0,0,0,0,0,0,0,0,0,0,0,0,0,0,0,0,0,no-data,no-data,no-data,0,0,0,0,0,0,0,0,0,0,0,0,0,0,0,0,0,0,0,0,0,0,0,0,no-data,no-data,no-data,no-data,<p>Sunshine will trigger shallow loose wet avalanches that may be hazardous near terrain traps. Prepare an exit strategy in case visibility deteriorates during the afternoon. Plan for typical spring hazards  including poorly bridged or open creeks  gullies  firm and variable snow surfaces  glide cracks  firm and softening cornices.</p>,no-data,no-data
22475,no-data,no-data,no-data,0,0,0,0,0,0,0,0,0,0,0,0,0,0,0,0,0,0,0,0,0,0,0,0,Considerable,Considerable,Considerable,no-data,no-data,no-data,no-data,no-data,no-data,no-data,no-data,no-data,no-data,no-data,no-data,no-data,no-data,no-data,no-data,no-data,no-data,no-data,no-data,no-data,no-data,no-data,no-data,20190407,no-data,none,00010101 00:00,Moderate,Moderate,Moderate,no-data,none,00010101 00:00,no-data,no-data,no-data,0,0,0,0,0,0,0,0,0,0,0,0,0,0,0,0,0,0,0,0,0,0,0,0,/api/v3/avalanche-region-forecast/6493/,no-data,no-data,no-data,0,0,0,0,0,0,0,0,0,0,0,0,0,0,0,0,0,0,0,0,0,0,0,0,no-data,no-data,no-data,no-data,no-data,0,0,0,0,0,0,0,0,0,0,0,0,0,0,0,0,0,0,0,0,0,0,0,0,2-likely,1-large,0-small,1,1,1,1,1,1,1,1,1,1,1,1,1,1,1,1,1,1,1,1,1,1,1,1,no-data,no-data,no-data,0,0,0,0,0,0,0,0,0,0,0,0,0,0,0,0,0,0,0,0,0,0,0,0,20190407 01:00,Olympics,no-data,no-data,no-data,no-data,0,0,0,0,0,0,0,0,0,0,0,0,0,0,0,0,0,0,0,0,0,0,0,0,Olympics,no-data,no-data,no-data,0,0,0,0,0,0,0,0,0,0,0,0,0,0,0,0,0,0,0,0,0,0,0,0,2-likely,1-large,1-large,1,1,1,1,1,1,1,1,0,0,0,0,0,0,0,0,1,1,1,1,1,1,1,1,no-data,no-data,no-data,no-data,<p>A strong spring storm has created dangerous avalanche conditions in the Hurricane Ridge area. You can trigger a wind slab avalanche on steep slopes with drifted snow or a wet loose avalanche on any steep sunny aspect with wet snow. Think about the consequences of a small avalanche; on many sunny aspects and below 4500&#39;  the new snow will (barely) cover an array of ground hazards.&nbsp;</p>,no-data,no-data
22476,no-data,no-data,no-data,0,0,0,0,0,0,0,0,0,0,0,0,0,0,0,0,0,0,0,0,0,0,0,0,High,Considerable,High,no-data,no-data,no-data,no-data,no-data,no-data,no-data,no-data,no-data,no-data,no-data,no-data,no-data,no-data,no-data,no-data,no-data,no-data,no-data,no-data,no-data,no-data,no-data,no-data,20190407,no-data,none,00010101 00:00,Considerable,Considerable,Considerable,no-data,none,00010101 00:00,no-data,no-data,no-data,0,0,0,0,0,0,0,0,0,0,0,0,0,0,0,0,0,0,0,0,0,0,0,0,/api/v3/avalanche-region-forecast/6494/,no-data,no-data,no-data,0,0,0,0,0,0,0,0,0,0,0,0,0,0,0,0,0,0,0,0,0,0,0,0,no-data,no-data,no-data,no-data,no-data,0,0,0,0,0,0,0,0,0,0,0,0,0,0,0,0,0,0,0,0,0,0,0,0,3-very likely,1-large,0-small,1,1,1,1,1,1,1,1,1,1,1,1,1,1,1,1,1,1,1,1,1,1,1,1,no-data,no-data,no-data,0,0,0,0,0,0,0,0,0,0,0,0,0,0,0,0,0,0,0,0,0,0,0,0,20190407 01:00,Mt Hood,no-data,no-data,no-data,no-data,0,0,0,0,0,0,0,0,0,0,0,0,0,0,0,0,0,0,0,0,0,0,0,0,Mt Hood,no-data,no-data,no-data,0,0,0,0,0,0,0,0,0,0,0,0,0,0,0,0,0,0,0,0,0,0,0,0,3-very likely,1-large,1-large,1,1,1,1,1,1,1,1,0,0,0,0,0,0,0,0,1,1,1,1,1,1,1,1,no-data,no-data,no-data,no-data,<p>A powerful spring storm will cause very dangerous avalanche conditions to develop tonight through Sunday on Mt. Hood. Avoid traveling in or below large avalanche paths that may release from higher terrain. Natural or human triggered&nbsp;wet snow avalanches are likely at any elevation&nbsp;where&nbsp;snow transitions to rain.&nbsp;</p>,no-data,no-data
22479,no-data,no-data,no-data,0,0,0,0,0,0,0,0,0,0,0,0,0,0,0,0,0,0,0,0,0,0,0,0,High,Considerable,High,no-data,no-data,no-data,no-data,no-data,no-data,no-data,no-data,no-data,no-data,no-data,no-data,no-data,no-data,no-data,no-data,no-data,no-data,no-data,no-data,no-data,no-data,no-data,no-data,20190409,no-data,none,00010101 00:00,Considerable,Moderate,Moderate,no-data,none,00010101 00:00,no-data,no-data,no-data,0,0,0,0,0,0,0,0,0,0,0,0,0,0,0,0,0,0,0,0,0,0,0,0,/api/v3/avalanche-region-forecast/6537/,no-data,no-data,no-data,0,0,0,0,0,0,0,0,0,0,0,0,0,0,0,0,0,0,0,0,0,0,0,0,no-data,no-data,no-data,no-data,no-data,0,0,0,0,0,0,0,0,0,0,0,0,0,0,0,0,0,0,0,0,0,0,0,0,no-data,no-data,no-data,0,0,0,0,0,0,0,0,0,0,0,0,0,0,0,0,0,0,0,0,0,0,0,0,no-data,no-data,no-data,0,0,0,0,0,0,0,0,0,0,0,0,0,0,0,0,0,0,0,0,0,0,0,0,20190409 16:00,Mt Hood,no-data,no-data,no-data,no-data,0,0,0,0,0,0,0,0,0,0,0,0,0,0,0,0,0,0,0,0,0,0,0,0,Mt Hood,no-data,no-data,no-data,0,0,0,0,0,0,0,0,0,0,0,0,0,0,0,0,0,0,0,0,0,0,0,0,3-very likely,2-very large,1-large,1,1,1,1,1,1,1,1,1,1,1,1,1,1,1,1,1,1,1,1,1,1,1,1,no-data,no-data,no-data,no-data,<p>UPDATE 04/09/19 at 9 AM due&nbsp;to high rates of wind transport and snowfall along with&nbsp;widespread shooting cracks near treeline in the Mt. Hood Meadows area with a wind slab problem developing into below treeline terrrain. Strong winds and cool temperatures are eliminating the potential for loose wet avalanches.</p>    <p>Very dangerous avalanche conditions continue to exist above treeline on Mt. Hood where high winds continue to load slopes at all elevations and very large avalanches are likely to continue to release near and above treeline. Lowering snow levels and continued winds are building wind slabs at all elevations on Tuesday. Tuesday is a good day to keep things simple and avoid areas where these avalanches can start  stop or run and all terrain steeper than 35 degrees at lower elevations.</p>,no-data,no-data
22480,no-data,no-data,no-data,0,0,0,0,0,0,0,0,0,0,0,0,0,0,0,0,0,0,0,0,0,0,0,0,Low,Low,Low,no-data,no-data,no-data,no-data,no-data,no-data,no-data,no-data,no-data,no-data,no-data,no-data,no-data,no-data,no-data,no-data,no-data,no-data,no-data,no-data,no-data,no-data,no-data,no-data,20190410,no-data,none,00010101 00:00,Low,Low,Low,no-data,none,00010101 00:00,no-data,no-data,no-data,0,0,0,0,0,0,0,0,0,0,0,0,0,0,0,0,0,0,0,0,0,0,0,0,/api/v3/avalanche-region-forecast/6546/,no-data,no-data,no-data,0,0,0,0,0,0,0,0,0,0,0,0,0,0,0,0,0,0,0,0,0,0,0,0,no-data,no-data,no-data,no-data,no-data,0,0,0,0,0,0,0,0,0,0,0,0,0,0,0,0,0,0,0,0,0,0,0,0,no-data,no-data,no-data,0,0,0,0,0,0,0,0,0,0,0,0,0,0,0,0,0,0,0,0,0,0,0,0,no-data,no-data,no-data,0,0,0,0,0,0,0,0,0,0,0,0,0,0,0,0,0,0,0,0,0,0,0,0,20190410 01:00,Olympics,no-data,no-data,no-data,no-data,0,0,0,0,0,0,0,0,0,0,0,0,0,0,0,0,0,0,0,0,0,0,0,0,Olympics,no-data,no-data,no-data,0,0,0,0,0,0,0,0,0,0,0,0,0,0,0,0,0,0,0,0,0,0,0,0,1-possible,0-small,0-small,1,1,1,1,1,1,1,1,0,0,0,0,0,0,0,0,0,0,0,0,0,0,0,0,no-data,no-data,no-data,no-data,<p>A cooling trend and increased winds should generally help to limit avalanche danger on a Hurricane Ridge snowpack that has experienced some rain or very light accumulation of wet snow. Watch for building shallow wind slabs at upper elevations on Wednesday. Your biggest hazards are likely to be icy or breakable crust conditions along with terrain hazards exposed by the spring melt.</p>,no-data,no-data
22482,no-data,no-data,no-data,0,0,0,0,0,0,0,0,0,0,0,0,0,0,0,0,0,0,0,0,0,0,0,0,Moderate,Moderate,Moderate,no-data,no-data,no-data,no-data,no-data,no-data,no-data,no-data,no-data,no-data,no-data,no-data,no-data,no-data,no-data,no-data,no-data,no-data,no-data,no-data,no-data,no-data,no-data,no-data,20190411,no-data,none,00010101 00:00,Low,Low,Low,no-data,none,00010101 00:00,no-data,no-data,no-data,0,0,0,0,0,0,0,0,0,0,0,0,0,0,0,0,0,0,0,0,0,0,0,0,/api/v3/avalanche-region-forecast/6571/,no-data,no-data,no-data,0,0,0,0,0,0,0,0,0,0,0,0,0,0,0,0,0,0,0,0,0,0,0,0,no-data,no-data,no-data,no-data,no-data,0,0,0,0,0,0,0,0,0,0,0,0,0,0,0,0,0,0,0,0,0,0,0,0,1-possible,0-small,0-small,0,0,0,0,0,0,0,0,1,1,1,1,1,1,1,1,1,1,1,1,1,1,1,1,no-data,no-data,no-data,0,0,0,0,0,0,0,0,0,0,0,0,0,0,0,0,0,0,0,0,0,0,0,0,20190411 16:00,Olympics,no-data,no-data,no-data,no-data,0,0,0,0,0,0,0,0,0,0,0,0,0,0,0,0,0,0,0,0,0,0,0,0,Olympics,no-data,no-data,no-data,0,0,0,0,0,0,0,0,0,0,0,0,0,0,0,0,0,0,0,0,0,0,0,0,1-possible,0-small,0-small,1,1,1,1,1,1,1,1,0,0,0,0,0,0,0,0,0,0,0,0,0,0,0,0,no-data,no-data,no-data,no-data,<p>Help us improve the avalanche forecast! &nbsp;<a href= https://avbulletin.avalancheresearch.ca >https://avbulletin.avalancheresearch.ca</a></p>    <p><strong>9:15 am update:&nbsp;</strong>You may&nbsp;find shallow&nbsp;wind slabs on drifted northerly aspects above treeline. Small wet loose avalanches will become more likely at lower elevations as snow levels rise and light snow transitions to rain in the afternoon. Remember  small avalanches are&nbsp;most hazardous where they&nbsp;push&nbsp;you into spring hazards such as exposed ground  rocks  creeks  and glide cracks.</p>,no-data,no-data
22487,no-data,no-data,no-data,0,0,0,0,0,0,0,0,0,0,0,0,0,0,0,0,0,0,0,0,0,0,0,0,no-data,no-data,no-data,no-data,no-data,no-data,no-data,no-data,no-data,no-data,no-data,no-data,no-data,no-data,no-data,no-data,no-data,no-data,no-data,no-data,no-data,no-data,no-data,no-data,no-data,no-data,no-data,20190415,no-data,none,00010101 00:00,no-data,no-data,no-data,no-data,none,00010101 00:00,no-data,no-data,no-data,0,0,0,0,0,0,0,0,0,0,0,0,0,0,0,0,0,0,0,0,0,0,0,0,/api/v3/avalanche-region-forecast/6622/,no-data,no-data,no-data,0,0,0,0,0,0,0,0,0,0,0,0,0,0,0,0,0,0,0,0,0,0,0,0,no-data,no-data,no-data,no-data,no-data,0,0,0,0,0,0,0,0,0,0,0,0,0,0,0,0,0,0,0,0,0,0,0,0,no-data,no-data,no-data,0,0,0,0,0,0,0,0,0,0,0,0,0,0,0,0,0,0,0,0,0,0,0,0,no-data,no-data,no-data,0,0,0,0,0,0,0,0,0,0,0,0,0,0,0,0,0,0,0,0,0,0,0,0,20190415 04:00,Olympics,no-data,no-data,no-data,no-data,0,0,0,0,0,0,0,0,0,0,0,0,0,0,0,0,0,0,0,0,0,0,0,0,Olympics,no-data,no-data,no-data,0,0,0,0,0,0,0,0,0,0,0,0,0,0,0,0,0,0,0,0,0,0,0,0,no-data,no-data,no-data,0,0,0,0,0,0,0,0,0,0,0,0,0,0,0,0,0,0,0,0,0,0,0,0,no-data,no-data,no-data,no-data,no-data,no-data,no-data
22496,no-data,no-data,no-data,0,0,0,0,0,0,0,0,0,0,0,0,0,0,0,0,0,0,0,0,0,0,0,0,no-data,no-data,no-data,no-data,no-data,no-data,no-data,no-data,no-data,no-data,no-data,no-data,no-data,no-data,no-data,no-data,no-data,no-data,no-data,no-data,no-data,no-data,no-data,no-data,no-data,no-data,no-data,20190415,no-data,none,00010101 00:00,no-data,no-data,no-data,no-data,none,00010101 00:00,no-data,no-data,no-data,0,0,0,0,0,0,0,0,0,0,0,0,0,0,0,0,0,0,0,0,0,0,0,0,/api/v3/avalanche-region-forecast/6622/,no-data,no-data,no-data,0,0,0,0,0,0,0,0,0,0,0,0,0,0,0,0,0,0,0,0,0,0,0,0,no-data,no-data,no-data,no-data,no-data,0,0,0,0,0,0,0,0,0,0,0,0,0,0,0,0,0,0,0,0,0,0,0,0,no-data,no-data,no-data,0,0,0,0,0,0,0,0,0,0,0,0,0,0,0,0,0,0,0,0,0,0,0,0,no-data,no-data,no-data,0,0,0,0,0,0,0,0,0,0,0,0,0,0,0,0,0,0,0,0,0,0,0,0,20190415 04:00,Mt Hood,no-data,no-data,no-data,no-data,0,0,0,0,0,0,0,0,0,0,0,0,0,0,0,0,0,0,0,0,0,0,0,0,Mt Hood,no-data,no-data,no-data,0,0,0,0,0,0,0,0,0,0,0,0,0,0,0,0,0,0,0,0,0,0,0,0,no-data,no-data,no-data,0,0,0,0,0,0,0,0,0,0,0,0,0,0,0,0,0,0,0,0,0,0,0,0,no-data,no-data,no-data,no-data,no-data,no-data,no-data
22497,no-data,no-data,no-data,0,0,0,0,0,0,0,0,0,0,0,0,0,0,0,0,0,0,0,0,0,0,0,0,no-data,no-data,no-data,no-data,no-data,no-data,no-data,no-data,no-data,no-data,no-data,no-data,no-data,no-data,no-data,no-data,no-data,no-data,no-data,no-data,no-data,no-data,no-data,no-data,no-data,no-data,no-data,20190416,no-data,none,00010101 00:00,no-data,no-data,no-data,no-data,none,00010101 00:00,no-data,no-data,no-data,0,0,0,0,0,0,0,0,0,0,0,0,0,0,0,0,0,0,0,0,0,0,0,0,/api/v3/avalanche-region-forecast/6623/,no-data,no-data,no-data,0,0,0,0,0,0,0,0,0,0,0,0,0,0,0,0,0,0,0,0,0,0,0,0,no-data,no-data,no-data,no-data,no-data,0,0,0,0,0,0,0,0,0,0,0,0,0,0,0,0,0,0,0,0,0,0,0,0,no-data,no-data,no-data,0,0,0,0,0,0,0,0,0,0,0,0,0,0,0,0,0,0,0,0,0,0,0,0,no-data,no-data,no-data,0,0,0,0,0,0,0,0,0,0,0,0,0,0,0,0,0,0,0,0,0,0,0,0,20190416 01:00,Olympics,no-data,no-data,no-data,no-data,0,0,0,0,0,0,0,0,0,0,0,0,0,0,0,0,0,0,0,0,0,0,0,0,Olympics,no-data,no-data,no-data,0,0,0,0,0,0,0,0,0,0,0,0,0,0,0,0,0,0,0,0,0,0,0,0,no-data,no-data,no-data,0,0,0,0,0,0,0,0,0,0,0,0,0,0,0,0,0,0,0,0,0,0,0,0,no-data,no-data,no-data,no-data,<p>Daily avalanche forecasts have ended for the 2018-19 season. Daily Mountain Weather Forecasts will continue through April 28th. We will issue Weekend Snow and Avalanche Summaries every Friday at noon through May 24th and avalanche warnings as needed during that time frame.</p>    <p>Thanks to the many people who make the avalanche center a reality. It&rsquo;s a remarkable community effort. Thank you for all your help  your donations  your observations  and your enthusiasm.</p>    <p>Keep scrolling for points to remember until you put the sleds and boards away for the summer...</p>,no-data,no-data
22506,no-data,no-data,no-data,0,0,0,0,0,0,0,0,0,0,0,0,0,0,0,0,0,0,0,0,0,0,0,0,no-data,no-data,no-data,no-data,no-data,no-data,no-data,no-data,no-data,no-data,no-data,no-data,no-data,no-data,no-data,no-data,no-data,no-data,no-data,no-data,no-data,no-data,no-data,no-data,no-data,no-data,no-data,20190416,no-data,none,00010101 00:00,no-data,no-data,no-data,no-data,none,00010101 00:00,no-data,no-data,no-data,0,0,0,0,0,0,0,0,0,0,0,0,0,0,0,0,0,0,0,0,0,0,0,0,/api/v3/avalanche-region-forecast/6623/,no-data,no-data,no-data,0,0,0,0,0,0,0,0,0,0,0,0,0,0,0,0,0,0,0,0,0,0,0,0,no-data,no-data,no-data,no-data,no-data,0,0,0,0,0,0,0,0,0,0,0,0,0,0,0,0,0,0,0,0,0,0,0,0,no-data,no-data,no-data,0,0,0,0,0,0,0,0,0,0,0,0,0,0,0,0,0,0,0,0,0,0,0,0,no-data,no-data,no-data,0,0,0,0,0,0,0,0,0,0,0,0,0,0,0,0,0,0,0,0,0,0,0,0,20190416 01:00,Mt Hood,no-data,no-data,no-data,no-data,0,0,0,0,0,0,0,0,0,0,0,0,0,0,0,0,0,0,0,0,0,0,0,0,Mt Hood,no-data,no-data,no-data,0,0,0,0,0,0,0,0,0,0,0,0,0,0,0,0,0,0,0,0,0,0,0,0,no-data,no-data,no-data,0,0,0,0,0,0,0,0,0,0,0,0,0,0,0,0,0,0,0,0,0,0,0,0,no-data,no-data,no-data,no-data,<p>Daily avalanche forecasts have ended for the 2018-19 season. Daily Mountain Weather Forecasts will continue through April 28th. We will issue Weekend Snow and Avalanche Summaries every Friday at noon through May 24th and avalanche warnings as needed during that time frame.</p>    <p>Thanks to the many people who make the avalanche center a reality. It&rsquo;s a remarkable community effort. Thank you for all your help  your donations  your observations  and your enthusiasm.</p>    <p>Keep scrolling for points to remember until you put the sleds and boards away for the summer...</p>,no-data,no-data
22507,no-data,no-data,no-data,0,0,0,0,0,0,0,0,0,0,0,0,0,0,0,0,0,0,0,0,0,0,0,0,no-data,no-data,no-data,no-data,no-data,no-data,no-data,no-data,no-data,no-data,no-data,no-data,no-data,no-data,no-data,no-data,no-data,no-data,no-data,no-data,no-data,no-data,no-data,no-data,no-data,no-data,no-data,20190418,no-data,none,00010101 00:00,no-data,no-data,no-data,no-data,none,00010101 00:00,no-data,no-data,no-data,0,0,0,0,0,0,0,0,0,0,0,0,0,0,0,0,0,0,0,0,0,0,0,0,/api/v3/avalanche-region-forecast/6624/,no-data,no-data,no-data,0,0,0,0,0,0,0,0,0,0,0,0,0,0,0,0,0,0,0,0,0,0,0,0,no-data,no-data,no-data,no-data,no-data,0,0,0,0,0,0,0,0,0,0,0,0,0,0,0,0,0,0,0,0,0,0,0,0,no-data,no-data,no-data,0,0,0,0,0,0,0,0,0,0,0,0,0,0,0,0,0,0,0,0,0,0,0,0,no-data,no-data,no-data,0,0,0,0,0,0,0,0,0,0,0,0,0,0,0,0,0,0,0,0,0,0,0,0,20190417 18:00,Olympics,no-data,no-data,no-data,no-data,0,0,0,0,0,0,0,0,0,0,0,0,0,0,0,0,0,0,0,0,0,0,0,0,Olympics,no-data,no-data,no-data,0,0,0,0,0,0,0,0,0,0,0,0,0,0,0,0,0,0,0,0,0,0,0,0,no-data,no-data,no-data,0,0,0,0,0,0,0,0,0,0,0,0,0,0,0,0,0,0,0,0,0,0,0,0,no-data,no-data,no-data,no-data,<p>Daily avalanche forecasts have ended for the 2018-19 season. Daily Mountain Weather Forecasts will continue through April 28th. We will issue Weekend Snow and Avalanche Summaries every Friday at noon through May 24th and avalanche warnings as needed during that time frame.</p>    <p>Thanks to the many people who make the avalanche center a reality. It&rsquo;s a remarkable community effort. Thank you for all your help  your donations  your observations  and your enthusiasm.</p>    <p>Keep scrolling for points to remember until you put the sleds and boards away for the summer...</p>,no-data,no-data
22516,no-data,no-data,no-data,0,0,0,0,0,0,0,0,0,0,0,0,0,0,0,0,0,0,0,0,0,0,0,0,no-data,no-data,no-data,no-data,no-data,no-data,no-data,no-data,no-data,no-data,no-data,no-data,no-data,no-data,no-data,no-data,no-data,no-data,no-data,no-data,no-data,no-data,no-data,no-data,no-data,no-data,no-data,20190418,no-data,none,00010101 00:00,no-data,no-data,no-data,no-data,none,00010101 00:00,no-data,no-data,no-data,0,0,0,0,0,0,0,0,0,0,0,0,0,0,0,0,0,0,0,0,0,0,0,0,/api/v3/avalanche-region-forecast/6624/,no-data,no-data,no-data,0,0,0,0,0,0,0,0,0,0,0,0,0,0,0,0,0,0,0,0,0,0,0,0,no-data,no-data,no-data,no-data,no-data,0,0,0,0,0,0,0,0,0,0,0,0,0,0,0,0,0,0,0,0,0,0,0,0,no-data,no-data,no-data,0,0,0,0,0,0,0,0,0,0,0,0,0,0,0,0,0,0,0,0,0,0,0,0,no-data,no-data,no-data,0,0,0,0,0,0,0,0,0,0,0,0,0,0,0,0,0,0,0,0,0,0,0,0,20190417 18:00,Mt Hood,no-data,no-data,no-data,no-data,0,0,0,0,0,0,0,0,0,0,0,0,0,0,0,0,0,0,0,0,0,0,0,0,Mt Hood,no-data,no-data,no-data,0,0,0,0,0,0,0,0,0,0,0,0,0,0,0,0,0,0,0,0,0,0,0,0,no-data,no-data,no-data,0,0,0,0,0,0,0,0,0,0,0,0,0,0,0,0,0,0,0,0,0,0,0,0,no-data,no-data,no-data,no-data,<p>Daily avalanche forecasts have ended for the 2018-19 season. Daily Mountain Weather Forecasts will continue through April 28th. We will issue Weekend Snow and Avalanche Summaries every Friday at noon through May 24th and avalanche warnings as needed during that time frame.</p>    <p>Thanks to the many people who make the avalanche center a reality. It&rsquo;s a remarkable community effort. Thank you for all your help  your donations  your observations  and your enthusiasm.</p>    <p>Keep scrolling for points to remember until you put the sleds and boards away for the summer...</p>,no-data,no-data
